,Customer ID,purchased,item_sold,orders,avg_order_value
0,18102.0,608821.65,188340,145,4198.77
1,14646.0,528602.52,367833,152,3477.648157894737
2,14156.0,313946.37,165992,156,2012.4767307692307
3,14911.0,295972.63,150237,398,743.6498241206031
4,17450.0,246973.09,85368,51,4842.609607843137
5,13694.0,196482.81,189205,143,1374.0056643356643
6,17511.0,175603.55,119656,60,2926.725833333333
7,16446.0,168472.5,80997,2,84236.25
8,16684.0,147142.77,104810,55,2675.3230909090908
9,12415.0,144458.37,91743,28,5159.2275
10,15061.0,137818.52,80711,127,1085.1851968503936
11,16029.0,122209.14,56486,107,1142.1414953271028
12,17949.0,118628.08,60658,118,1005.3227118644068
13,15311.0,116771.16,71010,208,561.3998076923077
14,13089.0,116737.86,60234,203,575.0633497536946
15,12931.0,92347.34,62906,57,1620.1287719298246
16,14298.0,91194.49,100272,82,1112.1279268292683
17,15769.0,88704.32,49104,46,1928.3547826086958
18,12346.0,77556.46,74285,12,6463.038333333334
19,13798.0,75836.87,48347,110,689.4260909090908
20,15838.0,74163.0,64664,34,2181.264705882353
21,17841.0,70884.07,37558,211,335.94345971563985
22,16754.0,67502.47,67831,29,2327.671379310345
23,14096.0,65164.79,16352,17,3833.2229411764706
24,14088.0,64036.8,15276,16,4002.3
25,16422.0,63651.47,66369,109,583.9584403669725
26,13081.0,59205.15,41515,28,2114.469642857143
27,16013.0,57446.44,25952,84,683.8861904761904
28,14680.0,57412.77,27364,58,989.8753448275861
29,17389.0,57224.68,17882,61,938.1095081967213
30,17850.0,56600.08,22785,155,365.1618064516129
31,12748.0,56599.39,39110,337,167.9507121661721
32,13777.0,56478.42,26742,61,925.875737704918
33,13093.0,54943.65,26227,55,998.9754545454546
34,13408.0,51733.462,29499,106,488.0515283018868
35,17404.0,47781.12,50679,23,2077.44
36,13881.0,45179.1,29760,43,1050.6767441860466
37,15749.0,44534.3,18028,3,14844.766666666668
38,16705.0,43515.051,22302,42,1036.072642857143
39,14031.0,40999.17,14507,44,931.7993181818182
40,15039.0,40031.43,18183,93,430.44548387096773
41,17381.0,40002.37,45767,38,1052.693947368421
42,12471.0,39963.79,16891,79,505.8707594936709
43,15098.0,39916.5,121,3,13305.5
44,16210.0,38489.51,14263,35,1099.7002857142859
45,17675.0,38259.6,16416,70,546.5657142857143
46,17677.0,36692.91,21936,54,679.4983333333334
47,12921.0,35921.04,21708,74,485.41945945945946
48,13767.0,35540.53,15235,73,486.85657534246576
49,12678.0,34281.18,22372,21,1632.4371428571428
50,15856.0,34220.340000000004,20432,52,658.0834615384616
51,13902.0,34095.26,220600,5,6819.052000000001
52,16779.0,33268.24,19626,53,627.7026415094339
53,14258.0,32051.34,17512,25,1282.0536
54,17428.0,31819.760000000002,17504,45,707.1057777777778
55,12709.0,31093.34,13983,34,914.51
56,12681.0,30868.28,17596,45,685.9617777777778
57,14606.0,30861.06,15635,192,160.7346875
58,17940.0,30393.19,85580,16,1899.574375
59,13078.0,29532.45,12183,57,518.1131578947369
60,13098.0,28882.44,15968,28,1031.5157142857142
61,17857.0,28682.24,22060,24,1195.0933333333335
62,14527.0,27792.3,6762,122,227.80573770491802
63,15513.0,27750.55,10831,35,792.8728571428571
64,16333.0,26626.8,32184,22,1210.3090909090909
65,17865.0,26374.39,12985,46,573.356304347826
66,18251.0,26278.86,39639,9,2919.8733333333334
67,13802.0,26259.11,14129,19,1382.0584210526315
68,15498.0,26039.58,12622,44,591.8086363636364
69,12731.0,25775.71,11641,17,1516.2182352941177
70,14062.0,25604.2,12799,24,1066.8416666666667
71,12744.0,25317.06,6994,11,2301.550909090909
72,12939.0,25264.8,10328,20,1263.24
73,14895.0,25119.54,10714,38,661.0405263157895
74,12621.0,24775.81,13933,35,707.8802857142857
75,16525.0,24582.64,14630,48,512.1383333333333
76,17920.0,24516.46,12666,54,454.0085185185185
77,13001.0,24172.100000000002,13539,33,732.4878787878788
78,14607.0,24137.63,15585,22,1097.165
79,12682.0,24033.91,11018,52,462.19057692307695
80,15640.0,23957.58,12390,29,826.1234482758621
81,12482.0,23691.4,27042,29,816.944827586207
82,12409.0,23419.29,13143,7,3345.612857142857
83,16133.0,22992.260000000002,13654,56,410.5760714285715
84,14063.0,22710.2,3850,9,2523.355555555556
85,14051.0,22434.0,5947,37,606.3243243243244
86,17340.0,22404.82,11210,18,1244.7122222222222
87,16839.0,22310.49,11527,44,507.05659090909097
88,12540.0,22254.49,11019,33,674.3784848484848
89,15159.0,22116.73,13512,34,650.4920588235294
90,13340.0,22100.56,9636,12,1841.7133333333334
91,13319.0,22082.5,9270,58,380.73275862068965
92,14667.0,21927.14,13010,54,406.0581481481481
93,12753.0,21429.39,11421,6,3571.565
94,15615.0,21373.97,12090,47,454.7653191489362
95,17243.0,20889.86,8198,69,302.75159420289856
96,14866.0,20850.22,9233,19,1097.38
97,17706.0,20749.98,8049,31,669.3541935483871
98,12433.0,20581.26,17116,10,2058.1259999999997
99,15251.0,20324.54,12108,21,967.8352380952381
100,12477.0,20276.37,6119,9,2252.93
101,18008.0,19787.13,7830,23,860.3100000000001
102,17139.0,19584.46,9859,25,783.3783999999999
103,16843.0,19571.43,18502,35,559.1837142857142
104,17581.0,18757.75,9972,43,436.2267441860465
105,12557.0,18716.14,6782,8,2339.5175
106,14194.0,18670.59,10037,36,518.6275
107,13113.0,18625.73,4550,37,503.3981081081081
108,15808.0,18409.93,7229,21,876.6633333333333
109,17377.0,18319.41,7589,78,234.86423076923077
110,12357.0,18287.66,6587,3,6095.886666666666
111,16746.0,18066.4,11906,42,430.152380952381
112,12647.0,17924.35,6887,36,497.89861111111105
113,12472.0,17880.59,11350,19,941.0836842105264
114,15078.0,17761.88,8990,53,335.12981132075475
115,12901.0,17654.54,23075,28,630.5192857142857
116,14952.0,17629.35,6977,32,550.9171875
117,16652.0,17550.39,7477,16,1096.899375
118,15189.0,17524.38,6902,46,380.96478260869566
119,18172.0,17479.84,7413,52,336.15076923076924
120,16019.0,17465.85,6976,27,646.8833333333333
121,15523.0,17359.99,15873,16,1084.999375
122,13027.0,17335.2,43080,19,912.3789473684211
123,17416.0,17298.45,8769,22,786.2931818181819
124,13564.0,17249.55,9251,37,466.20405405405404
125,17735.0,17244.93,10901,26,663.2665384615385
126,14277.0,17225.81,89814,9,1913.978888888889
127,15358.0,17050.41,15378,42,405.96214285714285
128,15125.0,17024.87,8433,24,709.3695833333333
129,16656.0,16833.170000000002,15433,30,561.1056666666667
130,12454.0,16679.78,7703,5,3335.9559999999997
131,16553.0,16644.01,16475,33,504.36393939393935
132,13199.0,16432.89,12019,67,245.26701492537313
133,14961.0,16410.15,8372,22,745.9159090909092
134,13225.0,16260.07,7401,16,1016.254375
135,16180.0,16249.87,9813,13,1249.99
136,12980.0,16245.78,1910,21,773.6085714285715
137,15044.0,16204.33,5279,35,462.98085714285713
138,14733.0,16184.97,6491,15,1078.998
139,18092.0,16179.44,8830,18,898.8577777777778
140,17107.0,16075.42,7544,10,1607.542
141,12971.0,15972.79,14587,116,137.6964655172414
142,17716.0,15956.97,8819,24,664.87375
143,14769.0,15771.88,11255,17,927.7576470588235
144,14849.0,15763.45,12026,43,366.59186046511627
145,16191.0,15688.02,9360,24,653.6675
146,15768.0,15601.09,4259,34,458.85558823529414
147,13488.0,15587.88,7891,23,677.7339130434782
148,12949.0,15526.7,8233,22,705.7590909090909
149,15601.0,14960.12,11061,30,498.6706666666667
150,14543.0,14906.77,2697,39,382.22487179487183
151,18087.0,14761.519999999999,7775,17,868.3247058823529
152,16126.0,14646.800000000001,6154,15,976.4533333333334
153,17133.0,14622.33,10107,12,1218.5275
154,16873.0,14617.39,8601,12,1218.1158333333333
155,15482.0,14592.56,6532,19,768.0294736842105
156,16713.0,14560.69,8683,32,455.0215625
157,17448.0,14556.97,11548,46,316.45586956521737
158,14299.0,14499.49,8228,27,537.0181481481482
159,12583.0,14447.44,8984,27,535.0903703703704
160,15093.0,14326.11,11657,23,622.8743478260869
161,12476.0,14115.41,5645,23,613.7134782608696
162,17017.0,14110.61,10591,29,486.5727586206897
163,15005.0,14106.2,8856,56,251.89642857142857
164,13090.0,14103.09,3445,24,587.62875
165,12714.0,14093.71,8774,12,1174.4758333333332
166,13178.0,14059.19,8778,21,669.4852380952382
167,17589.0,14049.87,8788,18,780.5483333333334
168,18223.0,14000.85,6644,26,538.4942307692307
169,15502.0,13993.47,5861,14,999.5335714285713
170,12435.0,13925.93,4958,6,2320.9883333333332
171,15760.0,13916.34,2,2,6958.17
172,16558.0,13873.51,8088,38,365.09236842105264
173,15291.0,13846.56,5017,40,346.164
174,15032.0,13780.65,8259,8,1722.58125
175,15382.0,13733.550000000001,9178,12,1144.4625
176,12567.0,13709.86,6086,15,913.9906666666667
177,12989.0,13551.75,6935,33,410.65909090909093
178,13468.0,13390.51,5824,72,185.97930555555556
179,13097.0,13389.22,5396,28,478.18642857142856
180,16923.0,13378.36,6269,32,418.07375
181,15738.0,13372.970000000001,9285,41,326.17
182,13629.0,13370.86,7722,19,703.7294736842106
183,13969.0,13365.87,6817,35,381.882
184,14049.0,13239.03,8609,13,1018.3869230769232
185,13316.0,13191.57,21372,10,1319.157
186,16549.0,13182.19,7278,34,387.71147058823533
187,13668.0,13089.94,6133,35,373.9982857142857
188,18225.0,13054.26,7304,26,502.0869230769231
189,14110.0,12987.95,5837,33,393.57424242424247
190,16161.0,12831.8,6380,43,298.4139534883721
191,13952.0,12823.521,5947,14,915.9657857142857
192,17858.0,12797.65,5483,30,426.5883333333333
193,12683.0,12696.78,7683,21,604.6085714285715
194,12437.0,12683.4,8001,39,325.2153846153846
195,12451.0,12669.88,9359,8,1583.735
196,15465.0,12655.65,2769,32,395.4890625
197,14040.0,12645.57,5044,35,361.30199999999996
198,13013.0,12625.77,6463,29,435.3713793103448
199,12536.0,12601.830000000002,2803,3,4200.610000000001
200,16814.0,12499.710000000001,5066,36,347.2141666666667
201,15194.0,12427.69,9169,28,443.84607142857146
202,12474.0,12424.45,7954,31,400.7887096774194
203,14936.0,12410.81,6274,12,1034.2341666666666
204,16000.0,12393.7,5110,3,4131.233333333334
205,12481.0,12361.39,7253,15,824.0926666666667
206,13050.0,12344.53,7206,35,352.70085714285716
207,14739.0,12287.5,10172,25,491.5
208,13854.0,12253.96,3710,39,314.2041025641025
209,14735.0,12240.16,4513,56,218.5742857142857
210,13418.0,12233.6,7606,31,394.6322580645161
211,15023.0,12170.68,5052,20,608.534
212,15144.0,12160.31,5251,29,419.3210344827586
213,17338.0,12142.57,5879,17,714.2688235294117
214,15555.0,12112.35,9037,36,336.45416666666665
215,14415.0,12091.6,6304,23,525.7217391304348
216,17364.0,12070.42,7513,28,431.0864285714286
217,14505.0,12001.84,5383,19,631.6757894736842
218,17044.0,11962.3,5722,12,996.8583333333332
219,13458.0,11959.27,6760,16,747.454375
220,16258.0,11942.52,7200,15,796.168
221,16523.0,11916.33,4979,28,425.5832142857143
222,13687.0,11880.84,87167,1,11880.84
223,18226.0,11878.88,7883,26,456.88
224,12705.0,11762.1,7188,14,840.15
225,14426.0,11727.94,7023,17,689.8788235294118
226,13102.0,11696.92,6576,37,316.132972972973
227,13004.0,11650.85,8768,36,323.63472222222225
228,13576.0,11551.74,4614,28,412.5621428571429
229,15218.0,11516.57,6553,22,523.4804545454546
230,12668.0,11444.68,5076,10,1144.468
231,13680.0,11435.67,5252,12,952.9725
232,14016.0,11403.41,5722,11,1036.6736363636364
233,17809.0,11337.39,3353,20,566.8695
234,14045.0,11313.029999999999,4589,16,707.0643749999999
235,15874.0,11284.76,5102,21,537.3695238095238
236,12539.0,11214.75,4535,7,1602.107142857143
237,18055.0,11195.57,3839,14,799.6835714285714
238,12524.0,11126.11,7178,17,654.4770588235294
239,14134.0,11123.35,5814,15,741.5566666666667
240,13941.0,11122.300000000001,5426,15,741.4866666666668
241,12918.0,10953.5,1,1,10953.5
242,16985.0,10923.16,3103,23,474.92
243,14796.0,10889.64,7653,27,403.32
244,18052.0,10877.18,17766,1,10877.18
245,12431.0,10857.97,4729,27,402.147037037037
246,16033.0,10836.13,4288,27,401.3381481481481
247,15694.0,10810.81,2658,24,450.4504166666666
248,18229.0,10803.710000000001,3183,28,385.8467857142858
249,16984.0,10754.8,5330,9,1194.9777777777776
250,16327.0,10731.34,8540,16,670.70875
251,16168.0,10636.47,5099,66,161.15863636363636
252,13324.0,10513.47,8448,18,584.0816666666666
253,15290.0,10496.28,6567,26,403.70307692307694
254,16782.0,10438.41,4285,38,274.695
255,14028.0,10396.5,7170,3,3465.5
256,15296.0,10342.83,5464,12,861.9025
257,14422.0,10271.52,6067,19,540.6063157894737
258,15719.0,10223.06,5368,31,329.77612903225804
259,17160.0,10209.16,8390,17,600.5388235294117
260,15805.0,10189.23,6225,30,339.64099999999996
261,13599.0,10167.630000000001,6494,33,308.11
262,15547.0,10154.39,7362,26,390.55346153846153
263,14085.0,10104.97,6564,33,306.2112121212121
264,12839.0,10071.73,6849,26,387.37423076923073
265,12766.0,10068.28,5446,9,1118.697777777778
266,13985.0,10020.86,4938,22,455.49363636363637
267,16353.0,9999.460000000001,3531,38,263.1436842105263
268,14755.0,9972.550000000001,4401,25,398.90200000000004
269,16182.0,9971.65,5887,9,1107.961111111111
270,18260.0,9962.11,5247,23,433.13521739130437
271,14101.0,9961.93,10542,13,766.3023076923077
272,16131.0,9957.42,4768,12,829.785
273,17049.0,9947.48,4276,19,523.5515789473684
274,14329.0,9927.22,5921,15,661.8146666666667
275,17230.0,9924.95,3903,18,551.3861111111112
276,16701.0,9916.73,11046,26,381.4126923076923
277,12758.0,9903.24,6155,7,1414.7485714285715
278,18109.0,9893.96,4885,38,260.3673684210526
279,13327.0,9879.48,4479,20,493.974
280,12590.0,9864.26,4283,2,4932.13
281,14828.0,9839.460000000001,9718,13,756.8815384615385
282,12490.0,9823.64,5906,21,467.79238095238094
283,13735.0,9813.22,4158,13,754.8630769230768
284,14944.0,9784.67,4864,19,514.9826315789473
285,17306.0,9782.35,13747,21,465.8261904761905
286,13018.0,9763.16,6746,35,278.9474285714286
287,13267.0,9758.26,4104,36,271.0627777777778
288,13069.0,9683.13,15404,38,254.81921052631577
289,12380.0,9676.300000000001,3355,11,879.6636363636364
290,17315.0,9650.6,5124,43,224.4325581395349
291,14135.0,9643.92,9355,24,401.83
292,17811.0,9609.8,5327,47,204.46382978723403
293,17504.0,9565.12,5517,18,531.3955555555556
294,14091.0,9530.08,3316,2,4765.04
295,14060.0,9519.08,8119,30,317.30266666666665
296,13999.0,9502.26,5043,29,327.6641379310345
297,13174.0,9494.84,4541,12,791.2366666666667
298,15298.0,9459.37,6286,23,411.2769565217392
299,14146.0,9450.3,5780,12,787.525
300,15727.0,9445.51,5942,15,629.7006666666667
301,14439.0,9443.04,2244,5,1888.6080000000002
302,16550.0,9435.13,5727,18,524.1738888888889
303,17757.0,9422.45,5163,56,168.25803571428574
304,13758.0,9416.98,5068,15,627.7986666666667
305,15981.0,9362.77,4827,21,445.8461904761905
306,15570.0,9311.04,4279,25,372.44160000000005
307,12747.0,9276.539999999999,2758,26,356.78999999999996
308,13162.0,9275.49,5755,16,579.718125
309,15249.0,9266.0,4980,18,514.7777777777778
310,14367.0,9261.52,4438,16,578.845
311,13448.0,9240.87,4404,13,710.8361538461539
312,14292.0,9226.25,3429,16,576.640625
313,13756.0,9207.5,5441,23,400.32608695652175
314,15260.0,9188.23,4722,25,367.5292
315,16700.0,9167.710000000001,6882,25,366.70840000000004
316,17068.0,9161.08,4435,47,194.91659574468085
317,16709.0,9087.460000000001,3276,14,649.1042857142858
318,15867.0,9063.95,5139,31,292.3854838709678
319,15939.0,9060.39,6260,16,566.274375
320,17576.0,9056.81,4740,41,220.89780487804876
321,12755.0,9030.66,3781,11,820.9690909090909
322,16186.0,9026.11,6825,26,347.1580769230769
323,15150.0,9001.08,6183,13,692.3907692307693
324,13555.0,8999.19,4827,13,692.2453846153846
325,16722.0,8989.08,8580,22,408.5945454545454
326,15903.0,8939.84,3926,12,744.9866666666667
327,12359.0,8935.94,2752,10,893.594
328,13269.0,8891.7,6564,28,317.5607142857143
329,14709.0,8886.33,4141,25,355.4532
330,17396.0,8807.1,2419,14,629.0785714285714
331,13047.0,8795.16,3446,24,366.465
332,15984.0,8759.32,6084,30,291.9773333333333
333,16532.0,8756.64,2544,5,1751.328
334,18041.0,8752.38,7859,38,230.32578947368418
335,12957.0,8706.97,4686,13,669.766923076923
336,13263.0,8704.69,5390,39,223.1971794871795
337,15955.0,8658.36,4213,22,393.5618181818182
338,15497.0,8657.39,2937,9,961.9322222222222
339,13148.0,8621.81,4571,26,331.6080769230769
340,16945.0,8548.16,5889,33,259.0351515151515
341,15281.0,8543.57,5233,16,533.973125
342,15270.0,8524.86,4010,21,405.9457142857143
343,15786.0,8514.82,5981,5,1702.964
344,12798.0,8510.93,8455,4,2127.7325
345,13209.0,8509.51,5781,13,654.5776923076924
346,13715.0,8483.29,4934,17,499.01705882352945
347,14286.0,8479.76,8795,7,1211.3942857142858
348,18139.0,8438.34,5557,6,1406.39
349,14160.0,8421.47,4661,7,1203.0671428571427
350,14057.0,8408.84,6485,22,382.22
351,13206.0,8377.32,7155,13,644.4092307692307
352,17611.0,8371.98,5356,28,298.9992857142857
353,14676.0,8356.79,8792,12,696.3991666666667
354,12643.0,8350.42,4785,12,695.8683333333333
355,12637.0,8340.31,4284,12,695.0258333333333
356,15034.0,8313.4,4788,14,593.8142857142857
357,15998.0,8308.34,5372,16,519.27125
358,17686.0,8296.81,3583,9,921.8677777777777
359,14030.0,8262.29,4350,20,413.1145
360,12720.0,8260.67,6317,30,275.35566666666665
361,14525.0,8240.64,5235,17,484.74352941176465
362,17365.0,8224.98,8056,15,548.332
363,13381.0,8224.37,5125,12,685.3641666666667
364,14056.0,8214.65,4273,23,357.1586956521739
365,14395.0,8208.01,4072,20,410.4005
366,13139.0,8202.98,4614,8,1025.3725
367,13426.0,8167.38,4868,22,371.24454545454546
368,15544.0,8162.43,7019,20,408.1215
369,16672.0,8134.9400000000005,2832,20,406.747
370,13869.0,8111.57,4358,10,811.1569999999999
371,17593.0,8095.8,5607,11,735.9818181818182
372,17426.0,8077.77,5187,13,621.3669230769231
373,16767.0,8073.8,7121,15,538.2533333333333
374,16670.0,8030.150000000001,4534,20,401.50750000000005
375,16556.0,8012.58,4353,17,471.32823529411763
376,15299.0,7991.54,5453,10,799.154
377,12428.0,7956.46,3536,9,884.0511111111111
378,14159.0,7938.01,6593,20,396.9005
379,16303.0,7928.27,3859,7,1132.6100000000001
380,12867.0,7913.29,7939,13,608.7146153846154
381,14291.0,7904.1,6146,23,343.6565217391304
382,17085.0,7891.41,3603,28,281.8360714285714
383,13871.0,7885.85,3502,17,463.8735294117647
384,12757.0,7857.1,2402,13,604.3923076923077
385,15622.0,7852.61,4091,17,461.9182352941176
386,14282.0,7849.66,5478,25,313.9864
387,15046.0,7812.389999999999,4701,25,312.49559999999997
388,17091.0,7811.1,3845,19,411.1105263157895
389,16592.0,7807.91,5504,28,278.8539285714286
390,15581.0,7794.59,3147,38,205.12078947368423
391,17409.0,7793.51,4089,10,779.351
392,17238.0,7783.1,3720,32,243.221875
393,14800.0,7774.32,6967,17,457.3129411764706
394,17730.0,7773.8,5300,20,388.69
395,17739.0,7730.59,2335,18,429.4772222222222
396,13534.0,7720.9,3869,35,220.59714285714284
397,14688.0,7713.57,5580,28,275.48464285714283
398,13137.0,7712.7,4294,16,482.04375
399,17696.0,7679.59,5891,27,284.42925925925925
400,14175.0,7678.88,3009,8,959.86
401,13141.0,7668.58,5169,17,451.09294117647056
402,15301.0,7603.4400000000005,4290,17,447.2611764705883
403,14145.0,7600.05,1655,7,1085.7214285714285
404,13709.0,7591.75,4130,18,421.7638888888889
405,13373.0,7587.1900000000005,4263,6,1264.5316666666668
406,12841.0,7540.68,5414,40,188.517
407,15179.0,7491.92,5416,13,576.3015384615385
408,12429.0,7485.91,3344,8,935.73875
409,13815.0,7475.74,5381,8,934.4675
410,16242.0,7474.4,3955,14,533.8857142857142
411,17602.0,7451.13,5936,14,532.2235714285714
412,17690.0,7448.1,3126,20,372.40500000000003
413,16570.0,7434.31,4292,20,371.7155
414,14243.0,7431.05,3687,17,437.1205882352941
415,13082.0,7335.75,8466,21,349.32142857142856
416,16253.0,7310.15,6061,7,1044.3071428571427
417,17965.0,7240.9800000000005,4525,29,249.6889655172414
418,16729.0,7239.92,5783,21,344.7580952380952
419,14092.0,7229.45,3606,24,301.2270833333333
420,17231.0,7197.04,3739,25,287.8816
421,16745.0,7194.3,6735,17,423.1941176470588
422,12712.0,7193.66,2349,21,342.5552380952381
423,13451.0,7190.92,5268,11,653.72
424,15950.0,7180.71,3384,10,718.071
425,14841.0,7163.0,4164,14,511.64285714285717
426,13983.0,7108.45,4157,21,338.497619047619
427,15521.0,7106.69,4516,16,444.168125
428,17769.0,7103.08,3176,17,417.82823529411763
429,14113.0,7092.610000000001,3439,16,443.28812500000004
430,16938.0,7043.18,5084,9,782.5755555555556
431,13183.0,7036.18,4027,15,469.07866666666666
432,17975.0,7028.83,2271,24,292.86791666666664
433,13831.0,7023.58,2557,18,390.19888888888886
434,12662.0,6988.02,3581,20,349.401
435,16717.0,6986.2300000000005,3226,14,499.0164285714286
436,13552.0,6978.92,2654,22,317.2236363636364
437,15674.0,6948.2300000000005,3648,13,534.4792307692308
438,16265.0,6935.17,3214,12,577.9308333333333
439,16187.0,6911.4400000000005,5048,15,460.7626666666667
440,13520.0,6909.4,3289,11,628.1272727272727
441,12749.0,6897.36,2360,9,766.3733333333333
442,18231.0,6880.97,2923,28,245.7489285714286
443,16170.0,6869.0,6056,20,343.45
444,16456.0,6862.91,3725,13,527.9161538461539
445,15129.0,6860.18,4002,23,298.2686956521739
446,16401.0,6849.15,6035,23,297.7891304347826
447,12613.0,6835.07,4163,10,683.507
448,12417.0,6816.91,2900,20,340.8455
449,12830.0,6814.64,9848,6,1135.7733333333333
450,16145.0,6805.4400000000005,5270,19,358.18105263157895
451,15413.0,6798.72,2694,5,1359.7440000000001
452,15750.0,6797.191,4593,18,377.6217222222222
453,14401.0,6795.9,6401,22,308.9045454545454
454,13993.0,6775.71,2135,19,356.6163157894737
455,14702.0,6754.22,3073,29,232.90413793103448
456,18118.0,6733.22,3417,29,232.18
457,14562.0,6729.400000000001,2604,26,258.82307692307694
458,17838.0,6722.900000000001,4149,13,517.1461538461539
459,12779.0,6722.2699999999995,3641,14,480.16214285714284
460,14461.0,6713.5,3027,13,516.4230769230769
461,15321.0,6709.7300000000005,3653,12,559.1441666666667
462,14844.0,6702.43,4369,10,670.243
463,13734.0,6701.640000000001,303,4,1675.4100000000003
464,14388.0,6701.0,4360,16,418.8125
465,12913.0,6700.860000000001,3232,13,515.4507692307693
466,16497.0,6695.28,3050,23,291.0991304347826
467,13384.0,6680.83,4142,11,607.3481818181818
468,17700.0,6679.97,3469,14,477.1407142857143
469,17001.0,6640.8,3782,19,349.5157894736842
470,13953.0,6640.68,5224,12,553.39
471,14440.0,6638.7300000000005,1755,13,510.6715384615385
472,13394.0,6621.7,5354,19,348.5105263157895
473,12626.0,6620.48,3453,9,735.6088888888888
474,17819.0,6612.5199999999995,1849,12,551.0433333333333
475,15514.0,6598.55,4246,18,366.5861111111111
476,15980.0,6593.68,4862,7,941.9542857142858
477,12843.0,6588.41,3031,30,219.61366666666666
478,13015.0,6586.42,3535,11,598.7654545454545
479,12836.0,6585.62,2236,15,439.04133333333334
480,13883.0,6560.02,3584,15,437.3346666666667
481,14766.0,6556.13,4063,11,596.0118181818182
482,15332.0,6553.74,2958,6,1092.29
483,16655.0,6548.37,4013,13,503.72076923076924
484,14855.0,6520.3,3510,7,931.4714285714286
485,14221.0,6517.49,3808,17,383.38176470588235
486,17873.0,6515.88,4312,18,361.99333333333334
487,12823.0,6501.5,930,18,361.19444444444446
488,17419.0,6500.52,3087,18,361.14000000000004
489,18061.0,6488.97,3607,28,231.7489285714286
490,13317.0,6486.091,3149,19,341.3732105263158
491,14154.0,6460.7,3222,8,807.5875
492,16940.0,6427.66,4503,8,803.4575
493,15673.0,6414.79,3361,9,712.7544444444444
494,12656.0,6407.83,2860,8,800.97875
495,14390.0,6399.83,2910,13,492.2946153846154
496,18094.0,6391.52,4164,13,491.65538461538466
497,12406.0,6390.36,3416,5,1278.072
498,12356.0,6373.68,3417,6,1062.28
499,12484.0,6370.15,3271,12,530.8458333333333
500,14227.0,6368.71,4048,15,424.5806666666667
501,13230.0,6360.78,3635,30,212.02599999999998
502,13590.0,6349.59,5276,18,352.755
503,16710.0,6349.09,4399,22,288.595
504,17799.0,6341.89,3707,20,317.09450000000004
505,18245.0,6324.9800000000005,5098,20,316.249
506,14180.0,6319.25,878,33,191.49242424242425
507,13654.0,6308.0,4762,11,573.4545454545455
508,15480.0,6279.0,1852,5,1255.8
509,13136.0,6274.56,3109,13,482.65846153846155
510,13615.0,6272.53,2910,8,784.06625
511,14534.0,6271.11,2856,26,241.19653846153844
512,16735.0,6270.56,4281,14,447.8971428571429
513,13334.0,6263.75,3227,5,1252.75
514,14004.0,6258.45,3425,11,568.9499999999999
515,15369.0,6251.26,3288,11,568.2963636363637
516,12497.0,6248.5,5685,3,2082.8333333333335
517,16156.0,6218.18,3240,20,310.909
518,14530.0,6197.4,3014,16,387.3375
519,16103.0,6191.71,2639,22,281.44136363636363
520,14907.0,6165.79,2817,16,385.361875
521,14852.0,6147.18,4371,18,341.51
522,17669.0,6142.35,3505,10,614.235
523,13266.0,6135.04,6837,19,322.89684210526315
524,13935.0,6116.92,2252,3,2038.9733333333334
525,17509.0,6115.14,3534,8,764.3925
526,14560.0,6114.03,4580,44,138.95522727272726
527,18178.0,6103.74,3850,11,554.8854545454545
528,16954.0,6081.88,4086,20,304.094
529,12664.0,6070.04,1495,11,551.8218181818182
530,17625.0,6067.8,3551,8,758.475
531,12835.0,6043.31,2357,41,147.3978048780488
532,14535.0,6030.7300000000005,3240,9,670.0811111111111
533,17644.0,6028.6,3469,20,301.43
534,13658.0,6025.5,2171,9,669.5
535,15372.0,6017.06,6410,8,752.1325
536,15202.0,6001.49,3,3,2000.4966666666667
537,15755.0,5993.12,4034,17,352.53647058823526
538,14105.0,5988.83,3534,5,1197.766
539,17457.0,5984.8099999999995,2695,14,427.4864285714285
540,17491.0,5981.07,3630,17,351.8276470588235
541,15785.0,5969.93,4479,16,373.120625
542,14918.0,5955.81,2551,9,661.7566666666667
543,12500.0,5955.21,3377,19,313.4321052631579
544,14257.0,5954.45,3332,9,661.6055555555555
545,17685.0,5943.17,3854,12,495.26416666666665
546,15971.0,5902.83,2251,18,327.935
547,16011.0,5880.46,3471,29,202.77448275862068
548,12455.0,5879.95,3302,10,587.995
549,18065.0,5866.63,2265,29,202.29758620689657
550,14210.0,5861.52,2604,16,366.345
551,17146.0,5860.24,2192,13,450.7876923076923
552,14112.0,5834.59,3539,13,448.8146153846154
553,14189.0,5814.39,4646,16,363.399375
554,13769.0,5800.42,2574,20,290.021
555,12910.0,5796.52,3632,13,445.8861538461539
556,17069.0,5794.28,3333,14,413.8771428571428
557,18075.0,5783.29,3281,20,289.1645
558,17672.0,5778.63,2758,7,825.5185714285715
559,15485.0,5771.51,2594,7,824.5014285714286
560,14099.0,5765.71,3670,20,288.2855
561,17863.0,5745.2,4952,12,478.76666666666665
562,16316.0,5744.91,3057,13,441.91615384615386
563,12615.0,5740.98,3317,8,717.6225
564,13771.0,5728.82,3140,9,636.5355555555556
565,16458.0,5715.34,3406,30,190.51133333333334
566,13870.0,5712.08,3449,15,380.80533333333335
567,16409.0,5709.04,3706,12,475.75333333333333
568,16607.0,5706.87,4436,25,228.2748
569,16279.0,5705.08,3691,9,633.8977777777777
570,17651.0,5703.52,4086,16,356.47
571,13157.0,5687.36,4762,9,631.9288888888889
572,12727.0,5679.53,2832,10,567.953
573,12633.0,5678.16,3238,7,811.1657142857142
574,13901.0,5676.34,3344,15,378.42266666666666
575,15628.0,5652.26,3819,17,332.4858823529412
576,16200.0,5643.45,3089,12,470.28749999999997
577,13722.0,5635.41,3059,10,563.5409999999999
578,12347.0,5633.32,3286,8,704.165
579,13842.0,5629.91,2879,18,312.7727777777778
580,16320.0,5628.99,3319,6,938.165
581,14249.0,5625.461,2487,12,468.7884166666667
582,18145.0,5617.79,5107,11,510.7081818181818
583,14572.0,5615.18,2933,11,510.4709090909091
584,16003.0,5613.83,2210,10,561.383
585,16546.0,5606.47,4367,5,1121.294
586,17059.0,5602.53,3584,9,622.5033333333333
587,15898.0,5596.31,2418,25,223.85240000000002
588,17092.0,5594.96,3801,11,508.63272727272727
589,15854.0,5583.81,1704,21,265.8957142857143
590,15228.0,5580.2699999999995,3375,6,930.045
591,17203.0,5575.88,4606,10,557.588
592,15527.0,5575.64,2222,23,242.41913043478263
593,16393.0,5561.66,3132,23,241.81130434782608
594,13593.0,5523.6900000000005,2190,14,394.54928571428576
595,14732.0,5517.07,2273,19,290.3721052631579
596,17204.0,5504.6900000000005,2651,9,611.6322222222223
597,13115.0,5494.7,3934,10,549.47
598,16609.0,5493.46,2420,7,784.78
599,16992.0,5476.5,2061,13,421.2692307692308
600,17512.0,5467.820000000001,5434,18,303.76777777777784
601,12480.0,5464.85,2952,7,780.6928571428572
602,18198.0,5425.56,4074,17,319.15058823529415
603,14713.0,5418.87,3456,21,258.0414285714286
604,12378.0,5416.32,3316,2,2708.16
605,14626.0,5410.92,3135,11,491.9018181818182
606,17719.0,5396.04,2466,15,359.736
607,17612.0,5394.86,3521,18,299.71444444444444
608,13362.0,5394.07,2481,7,770.5814285714285
609,16008.0,5384.13,3273,15,358.942
610,13014.0,5381.08,1981,11,489.1890909090909
611,14459.0,5375.741,2303,2,2687.8705
612,13495.0,5374.26,2674,10,537.426
613,14081.0,5370.1,3712,10,537.01
614,14442.0,5367.0199999999995,1431,7,766.7171428571428
615,13975.0,5358.84,3934,12,446.57
616,12362.0,5356.23,2230,11,486.92999999999995
617,17567.0,5356.03,3152,9,595.1144444444444
618,15641.0,5345.55,4422,12,445.46250000000003
619,17346.0,5323.0,3653,26,204.73076923076923
620,12708.0,5314.1,2521,18,295.2277777777778
621,17584.0,5309.42,2464,6,884.9033333333333
622,15394.0,5286.8,2372,11,480.6181818181818
623,15152.0,5263.83,2994,14,375.98785714285714
624,15722.0,5258.1,2283,11,478.00909090909096
625,13931.0,5257.38,3488,11,477.94363636363636
626,13107.0,5253.07,4316,9,583.6744444444444
627,14930.0,5246.63,2199,6,874.4383333333334
628,16931.0,5233.62,3463,23,227.5486956521739
629,17061.0,5232.2300000000005,1526,11,475.65727272727275
630,12422.0,5231.8,2596,17,307.7529411764706
631,15606.0,5230.99,1615,17,307.70529411764704
632,13763.0,5217.4400000000005,3224,3,1739.1466666666668
633,17084.0,5202.97,3292,3,1734.3233333333335
634,15812.0,5201.47,3450,12,433.4558333333334
635,14546.0,5197.9,2696,11,472.5363636363636
636,17213.0,5182.3,2179,13,398.63846153846157
637,12510.0,5178.02,2049,9,575.3355555555556
638,15443.0,5175.93,2735,14,369.7092857142857
639,17663.0,5175.83,2297,17,304.4605882352941
640,15796.0,5175.83,1735,17,304.4605882352941
641,12625.0,5164.88,3309,4,1291.22
642,17157.0,5151.9,2092,19,271.15263157894736
643,16153.0,5133.49,3693,11,466.6809090909091
644,16904.0,5132.37,2809,21,244.39857142857142
645,14493.0,5130.15,3183,10,513.015
646,17861.0,5127.69,4574,18,284.87166666666667
647,16919.0,5125.91,2425,24,213.57958333333332
648,12483.0,5120.58,2172,19,269.5042105263158
649,16308.0,5120.0,16000,7,731.4285714285714
650,13329.0,5112.97,3486,8,639.12125
651,15529.0,5111.95,4488,12,425.99583333333334
652,17519.0,5109.47,3414,15,340.6313333333334
653,13523.0,5101.52,2354,6,850.2533333333334
654,17402.0,5096.18,1571,23,221.57304347826087
655,12594.0,5090.110000000001,2768,15,339.3406666666667
656,15367.0,5081.33,2944,11,461.9390909090909
657,13634.0,5073.47,2096,16,317.091875
658,14307.0,5071.03,3374,10,507.10299999999995
659,16686.0,5070.92,3510,16,316.9325
660,12395.0,5067.27,3733,15,337.81800000000004
661,12432.0,5059.32,1801,5,1011.8639999999999
662,18144.0,5058.0,2239,19,266.2105263157895
663,17802.0,5053.12,2786,10,505.312
664,17469.0,5051.25,2304,17,297.13235294117646
665,12600.0,5043.92,1414,21,240.18666666666667
666,16905.0,5034.15,2059,17,296.1264705882353
667,12759.0,5020.74,3202,8,627.5925
668,17758.0,5012.53,3236,12,417.7108333333333
669,12444.0,5005.46,1155,5,1001.092
670,14209.0,4993.27,1739,15,332.8846666666667
671,14639.0,4978.96,2410,9,553.2177777777778
672,13198.0,4974.2300000000005,3449,8,621.7787500000001
673,12562.0,4966.92,2327,9,551.88
674,17449.0,4951.15,2535,13,380.8576923076923
675,12700.0,4939.99,2967,4,1234.9975
676,14825.0,4925.08,2848,24,205.21166666666667
677,17596.0,4920.67,7619,13,378.51307692307694
678,14970.0,4919.35,982,12,409.9458333333334
679,16143.0,4910.83,2011,12,409.23583333333335
680,16255.0,4906.8,3050,15,327.12
681,17406.0,4905.05,2124,13,377.3115384615385
682,17314.0,4904.43,3663,17,288.4958823529412
683,13659.0,4894.88,2539,12,407.9066666666667
684,16986.0,4888.75,2539,11,444.4318181818182
685,13021.0,4887.24,2546,17,287.48470588235296
686,15379.0,4877.84,3000,8,609.73
687,14107.0,4877.3,3489,11,443.39090909090913
688,12688.0,4873.8099999999995,3028,1,4873.8099999999995
689,17652.0,4867.72,2509,12,405.6433333333334
690,13044.0,4853.9,2553,11,441.26363636363635
691,14032.0,4850.2699999999995,3916,16,303.14187499999997
692,13562.0,4838.18,1603,8,604.7725
693,17191.0,4836.05,2536,15,322.40333333333336
694,12449.0,4835.89,2282,6,805.9816666666667
695,16326.0,4826.99,1120,24,201.12458333333333
696,14191.0,4817.66,3724,15,321.1773333333333
697,15002.0,4817.28,2518,9,535.2533333333333
698,13875.0,4814.37,3072,14,343.88357142857143
699,13124.0,4782.45,2783,4,1195.6125
700,15187.0,4777.18,1887,16,298.57375
701,13988.0,4757.8,3385,8,594.725
702,12955.0,4757.16,3664,11,432.4690909090909
703,17829.0,4756.74,3009,5,951.348
704,17082.0,4732.03,2526,6,788.6716666666666
705,14235.0,4717.99,3014,9,524.2211111111111
706,15271.0,4709.54,2524,24,196.23083333333332
707,13958.0,4709.2300000000005,2264,8,588.6537500000001
708,12589.0,4695.66,1764,8,586.9575
709,17050.0,4691.79,2451,11,426.5263636363636
710,15410.0,4685.72,1902,10,468.572
711,13527.0,4683.74,2762,12,390.31166666666667
712,17400.0,4677.05,2199,8,584.63125
713,16858.0,4668.28,1526,10,466.828
714,13971.0,4667.57,3084,14,333.3978571428571
715,18097.0,4663.32,2740,11,423.9381818181818
716,16293.0,4657.95,2022,15,310.53
717,15123.0,4656.17,2524,5,931.234
718,15484.0,4656.0,4076,6,776.0
719,12916.0,4654.0199999999995,1774,7,664.8599999999999
720,14466.0,4646.9,2644,13,357.45384615384614
721,12578.0,4642.45,2380,4,1160.6125
722,17442.0,4620.3,3134,15,308.02000000000004
723,14685.0,4619.79,2012,8,577.47375
724,12782.0,4618.24,2017,11,419.84
725,14441.0,4611.6900000000005,1260,11,419.2445454545455
726,15245.0,4610.84,3021,8,576.355
727,12553.0,4608.75,2325,12,384.0625
728,13851.0,4606.46,2525,8,575.8075
729,18257.0,4600.15,2369,12,383.3458333333333
730,14514.0,4598.9800000000005,2496,9,510.99777777777786
731,17188.0,4592.93,2569,13,353.3023076923077
732,16125.0,4587.65,1944,14,327.6892857142857
733,17508.0,4579.23,2891,8,572.40375
734,17754.0,4577.53,4441,13,352.11769230769227
735,15416.0,4572.82,2420,7,653.26
736,13491.0,4566.56,2385,27,169.13185185185188
737,14701.0,4562.09,1782,15,304.13933333333335
738,17613.0,4559.150000000001,2496,14,325.65357142857147
739,13510.0,4558.29,3044,11,414.39
740,15365.0,4557.13,2131,13,350.54846153846154
741,14648.0,4546.86,3326,15,303.12399999999997
742,13571.0,4546.54,3197,26,174.8669230769231
743,18069.0,4540.56,3227,11,412.77818181818185
744,12598.0,4534.09,2906,11,412.19
745,14001.0,4530.09,1873,9,503.34333333333336
746,14290.0,4516.56,1600,8,564.57
747,17308.0,4511.76,5148,2,2255.88
748,15680.0,4507.58,3074,10,450.758
749,15764.0,4503.08,2945,8,562.885
750,14625.0,4497.88,2155,11,408.89818181818185
751,15122.0,4497.47,2045,11,408.8609090909091
752,18064.0,4495.03,2709,11,408.6390909090909
753,17220.0,4481.75,2699,21,213.41666666666666
754,16912.0,4480.31,1693,15,298.68733333333336
755,12627.0,4478.53,2752,7,639.79
756,13435.0,4475.2300000000005,2791,9,497.24777777777786
757,14341.0,4467.32,2819,18,248.18444444444444
758,16081.0,4460.18,2244,8,557.5225
759,15240.0,4459.98,3214,12,371.66499999999996
760,17682.0,4456.78,2491,11,405.16181818181815
761,18093.0,4452.71,3429,8,556.58875
762,16098.0,4448.1,2150,14,317.7214285714286
763,13982.0,4445.59,2736,9,493.95444444444445
764,16218.0,4439.97,3237,13,341.53615384615387
765,17722.0,4430.36,2937,5,886.0719999999999
766,12349.0,4428.69,1624,4,1107.1725
767,15845.0,4426.28,2128,11,402.3890909090909
768,16563.0,4422.76,2596,6,737.1266666666667
769,17412.0,4417.52,2604,16,276.095
770,17138.0,4417.27,2024,7,631.0385714285715
771,16626.0,4413.1,2690,17,259.59411764705885
772,16283.0,4403.82,2889,8,550.4775
773,14211.0,4402.29,2575,18,244.57166666666666
774,15861.0,4401.79,3860,12,366.81583333333333
775,15203.0,4400.18,4182,15,293.3453333333334
776,16150.0,4395.59,2164,10,439.559
777,13505.0,4393.63,2486,4,1098.4075
778,13880.0,4391.66,2589,17,258.33294117647057
779,16732.0,4387.64,2414,4,1096.91
780,16749.0,4387.08,2078,2,2193.54
781,18272.0,4385.9800000000005,2880,9,487.33111111111117
782,16455.0,4384.37,3103,11,398.5790909090909
783,15708.0,4378.72,1675,9,486.5244444444445
784,17372.0,4377.56,1876,28,156.3414285714286
785,16118.0,4376.25,2851,1,4376.25
786,12523.0,4372.15,2275,23,190.09347826086955
787,13297.0,4368.62,2694,7,624.0885714285714
788,12752.0,4366.78,2262,1,4366.78
789,12917.0,4359.2,1104,6,726.5333333333333
790,14482.0,4357.91,2891,12,363.15916666666664
791,15633.0,4352.46,2058,13,334.8046153846154
792,12408.0,4340.7699999999995,2229,8,542.5962499999999
793,18077.0,4338.56,3233,18,241.03111111111113
794,16241.0,4329.31,2377,16,270.581875
795,16072.0,4328.89,1611,4,1082.2225
796,14854.0,4322.86,2999,11,392.9872727272727
797,12370.0,4320.31,2605,7,617.1871428571429
798,16477.0,4320.02,2632,11,392.7290909090909
799,14334.0,4318.48,2986,12,359.8733333333333
800,18259.0,4318.200000000001,1390,7,616.8857142857144
801,15493.0,4314.9800000000005,1260,9,479.44222222222226
802,12967.0,4306.92,1272,3,1435.64
803,12928.0,4304.89,2899,12,358.74083333333334
804,17937.0,4301.22,1754,7,614.46
805,18230.0,4291.06,1996,9,476.7844444444445
806,17930.0,4275.22,3795,13,328.86307692307696
807,16712.0,4266.99,2093,13,328.22999999999996
808,14239.0,4263.17,1729,21,203.00809523809525
809,14047.0,4255.03,1649,14,303.93071428571426
810,16743.0,4253.26,3738,14,303.80428571428575
811,12360.0,4252.89,2459,8,531.61125
812,16571.0,4248.74,3703,10,424.87399999999997
813,12935.0,4243.86,3201,15,282.924
814,18079.0,4242.75,8815,5,848.55
815,17728.0,4238.76,2146,5,847.7520000000001
816,13911.0,4234.99,4487,20,211.74949999999998
817,16875.0,4234.53,2099,11,384.9572727272727
818,17673.0,4233.58,3338,13,325.65999999999997
819,15518.0,4218.94,2823,15,281.26266666666663
820,15752.0,4207.54,2967,9,467.50444444444446
821,15804.0,4206.39,2567,13,323.5684615384616
822,15050.0,4193.79,2628,5,838.758
823,17218.0,4192.68,2200,18,232.92666666666668
824,14868.0,4184.01,2230,12,348.6675
825,17738.0,4183.56,2776,13,321.81230769230774
826,18287.0,4182.99,3013,7,597.5699999999999
827,17526.0,4166.04,1482,12,347.17
828,18194.0,4162.04,1774,6,693.6733333333333
829,14740.0,4161.06,2081,11,378.27818181818185
830,12653.0,4160.83,1681,3,1386.9433333333334
831,13461.0,4160.0,3132,6,693.3333333333334
832,17646.0,4149.79,1418,12,345.81583333333333
833,16209.0,4146.78,1895,9,460.75333333333333
834,12569.0,4124.69,1801,32,128.8965625
835,13450.0,4120.04,4318,13,316.92615384615385
836,16928.0,4113.23,2755,29,141.8355172413793
837,17287.0,4111.96,2101,21,195.80761904761906
838,14408.0,4109.77,2444,11,373.6154545454546
839,14878.0,4105.24,2432,25,164.2096
840,13421.0,4103.12,2420,8,512.89
841,14566.0,4092.0,2400,4,1023.0
842,13048.0,4084.21,2705,9,453.80111111111114
843,12876.0,4081.79,3047,4,1020.4475
844,15024.0,4075.51,2201,16,254.719375
845,17618.0,4073.2400000000002,1820,11,370.29454545454547
846,14913.0,4073.13,3955,8,509.14125
847,15572.0,4068.67,2148,10,406.867
848,12371.0,4067.38,1436,5,813.476
849,14025.0,4057.9,1920,8,507.2375
850,15571.0,4051.63,2506,14,289.40214285714285
851,17083.0,4049.79,1955,9,449.9766666666667
852,17211.0,4046.65,2345,13,311.28076923076924
853,12840.0,4041.97,2258,7,577.4242857142857
854,16791.0,4038.69,1874,15,269.246
855,14824.0,4022.9100000000003,1954,10,402.29100000000005
856,15665.0,4015.12,2794,5,803.024
857,12726.0,4014.6,4618,11,364.96363636363634
858,15782.0,4014.1,1844,4,1003.525
859,12721.0,4013.08,2655,8,501.635
860,17019.0,4012.2,2643,11,364.74545454545455
861,13895.0,4008.52,2060,6,668.0866666666667
862,14547.0,4007.54,2668,8,500.9425
863,13542.0,4006.17,815,17,235.6570588235294
864,16841.0,4006.06,3478,12,333.8383333333333
865,17307.0,3999.8900000000003,3667,11,363.6263636363637
866,13126.0,3998.25,3409,13,307.5576923076923
867,16719.0,3973.3,2536,14,283.8071428571429
868,16771.0,3967.6,2314,10,396.76
869,17954.0,3966.05,3265,19,208.73947368421054
870,15858.0,3960.37,2919,13,304.64384615384614
871,14817.0,3959.86,2462,7,565.6942857142857
872,15983.0,3958.8199999999997,2450,8,494.85249999999996
873,17667.0,3950.7,2198,9,438.96666666666664
874,14465.0,3946.03,2546,11,358.73
875,12473.0,3938.5499999999997,2439,5,787.7099999999999
876,15051.0,3935.16,3053,9,437.24
877,15819.0,3934.79,2928,10,393.479
878,13037.0,3914.9500000000003,2130,12,326.24583333333334
879,14498.0,3911.27,2122,10,391.127
880,12853.0,3907.5,1668,11,355.22727272727275
881,15696.0,3906.57,1399,13,300.5053846153846
882,13995.0,3902.01,2359,14,278.71500000000003
883,12388.0,3901.11,2001,8,487.63875
884,15823.0,3897.17,1775,3,1299.0566666666666
885,15811.0,3890.52,1922,7,555.7885714285715
886,12358.0,3887.07,1079,5,777.414
887,14744.0,3885.08,2547,14,277.5057142857143
888,15288.0,3883.13,1404,10,388.313
889,13446.0,3881.89,2403,11,352.8990909090909
890,14655.0,3878.51,2341,7,554.0728571428572
891,15067.0,3877.88,2163,5,775.576
892,18073.0,3877.5200000000004,3108,12,323.1266666666667
893,15195.0,3861.0,1404,1,3861.0
894,14565.0,3859.2200000000003,1940,5,771.844
895,14532.0,3859.1800000000003,1115,11,350.8345454545455
896,16440.0,3856.9700000000003,2108,6,642.8283333333334
897,16057.0,3854.85,1691,10,385.485
898,13213.0,3851.52,2962,11,350.1381818181818
899,16341.0,3850.79,3022,7,550.1128571428571
900,16466.0,3838.59,1806,15,255.906
901,13357.0,3838.36,2142,5,767.672
902,17659.0,3834.79,1816,14,273.9135714285714
903,13481.0,3830.84,2055,11,348.2581818181818
904,15704.0,3817.96,1723,6,636.3266666666667
905,12597.0,3811.22,2236,4,952.805
906,15421.0,3805.34,1927,10,380.534
907,16636.0,3802.04,2186,4,950.51
908,17071.0,3801.2000000000003,1935,13,292.40000000000003
909,16128.0,3801.05,2445,11,345.55
910,14540.0,3795.34,1619,11,345.0309090909091
911,15827.0,3794.07,1824,28,135.5025
912,16950.0,3784.37,2492,10,378.437
913,12619.0,3781.38,3518,10,378.13800000000003
914,14309.0,3780.81,2583,11,343.71
915,15494.0,3780.05,3097,5,756.01
916,14649.0,3775.31,2464,9,419.4788888888889
917,17293.0,3774.23,2234,17,222.0135294117647
918,15834.0,3772.9900000000002,1819,7,538.9985714285715
919,15532.0,3771.9,1349,10,377.19
920,18168.0,3770.27,2177,16,235.641875
921,15079.0,3767.35,1504,11,342.48636363636365
922,17173.0,3766.6,1122,8,470.825
923,12670.0,3760.29,1627,7,537.1842857142857
924,12530.0,3759.26,2713,9,417.6955555555556
925,17096.0,3759.18,1571,11,341.74363636363637
926,17553.0,3757.6,2288,4,939.4
927,14409.0,3756.09,2401,9,417.34333333333336
928,13305.0,3754.71,2361,16,234.669375
929,14515.0,3749.2599999999998,1917,12,312.43833333333333
930,12623.0,3747.84,1972,7,535.4057142857143
931,15370.0,3739.01,1397,8,467.37625
932,15351.0,3738.29,1491,10,373.829
933,16539.0,3732.01,1315,10,373.201
934,15255.0,3729.42,2226,9,414.38
935,12502.0,3723.87,820,5,744.774
936,16772.0,3723.5499999999997,689,3,1241.1833333333332
937,16240.0,3718.8,1641,2,1859.4
938,14364.0,3717.35,1967,8,464.66875
939,14593.0,3712.0099999999998,1875,12,309.33416666666665
940,12737.0,3710.5,2,2,1855.25
941,16983.0,3710.22,2508,11,337.29272727272723
942,14776.0,3708.3,4658,15,247.22
943,16094.0,3695.56,2020,11,335.96
944,12857.0,3688.0,1420,6,614.6666666666666
945,12872.0,3685.4900000000002,1855,12,307.12416666666667
946,12468.0,3670.74,2201,5,734.1479999999999
947,15953.0,3669.5499999999997,1852,18,203.86388888888888
948,14640.0,3667.06,1651,10,366.706
949,16444.0,3656.58,1959,17,215.0929411764706
950,17655.0,3652.48,1542,9,405.8311111111111
951,14857.0,3651.851,2081,7,521.693
952,17848.0,3650.9,1438,30,121.69666666666667
953,13632.0,3648.15,1639,8,456.01875
954,16718.0,3647.53,2343,5,729.5060000000001
955,17063.0,3638.53,1899,13,279.8869230769231
956,14770.0,3637.64,1598,8,454.705
957,16748.0,3637.33,2127,14,259.8092857142857
958,16053.0,3634.84,3067,6,605.8066666666667
959,17528.0,3628.5,2138,8,453.5625
960,14882.0,3628.15,1640,14,259.1535714285714
961,14653.0,3614.54,1976,12,301.21166666666664
962,16503.0,3614.34,1535,11,328.5763636363636
963,15505.0,3610.96,2390,5,722.192
964,15113.0,3609.33,2386,3,1203.11
965,15791.0,3608.34,1970,5,721.668
966,18242.0,3605.21,2021,8,450.65125
967,13750.0,3602.1800000000003,1370,11,327.4709090909091
968,12963.0,3601.59,1809,12,300.1325
969,16325.0,3597.5,2464,12,299.7916666666667
970,17422.0,3594.76,3538,11,326.79636363636365
971,15569.0,3586.35,1736,10,358.635
972,14132.0,3586.0299999999997,3368,11,326.00272727272727
973,17679.0,3577.61,1755,7,511.08714285714285
974,17311.0,3566.56,2755,6,594.4266666666666
975,18219.0,3562.89,1653,17,209.58176470588234
976,14737.0,3554.17,1071,4,888.5425
977,15222.0,3550.91,4458,11,322.81
978,14503.0,3543.26,2004,6,590.5433333333334
979,12645.0,3539.3,2125,8,442.4125
980,16395.0,3537.85,2919,14,252.70357142857142
981,17924.0,3536.7000000000003,1268,8,442.08750000000003
982,15059.0,3523.57,1617,19,185.45105263157896
983,16336.0,3517.69,1473,4,879.4225
984,16360.0,3512.53,2144,6,585.4216666666667
985,17768.0,3509.51,2433,7,501.35857142857145
986,16347.0,3509.41,1750,11,319.0372727272727
987,14898.0,3507.81,2247,14,250.55785714285713
988,18044.0,3505.61,1598,18,194.75611111111112
989,14934.0,3503.5,2100,5,700.7
990,13929.0,3494.1,1566,11,317.6454545454545
991,13577.0,3489.28,1661,11,317.20727272727277
992,15306.0,3484.73,3074,9,387.1922222222222
993,17597.0,3484.09,2215,5,696.818
994,12631.0,3481.57,1607,6,580.2616666666667
995,17913.0,3479.64,1745,14,248.54571428571427
996,15380.0,3479.0600000000004,1032,11,316.27818181818185
997,15712.0,3472.4100000000003,1277,12,289.3675
998,13849.0,3469.3,1883,5,693.86
999,14533.0,3466.37,6038,11,315.12454545454545
1000,15356.0,3464.95,2015,13,266.5346153846154
1001,16271.0,3463.02,2399,10,346.302
1002,14837.0,3460.32,3030,9,384.48
1003,13536.0,3448.29,2136,7,492.61285714285714
1004,13313.0,3445.32,2308,12,287.11
1005,15974.0,3442.15,2262,7,491.7357142857143
1006,16208.0,3440.45,1541,10,344.04499999999996
1007,17725.0,3439.08,2162,11,312.64363636363635
1008,17931.0,3437.29,1937,14,245.5207142857143
1009,12609.0,3435.86,1553,9,381.76222222222225
1010,15676.0,3435.76,2252,3,1145.2533333333333
1011,16045.0,3434.9300000000003,2108,8,429.36625000000004
1012,15916.0,3427.17,1703,13,263.6284615384615
1013,12377.0,3426.32,2105,4,856.58
1014,17876.0,3424.02,1958,3,1141.34
1015,16281.0,3424.02,1570,3,1141.34
1016,15373.0,3421.39,769,17,201.25823529411764
1017,13031.0,3419.27,2399,5,683.854
1018,14217.0,3416.89,1256,23,148.5604347826087
1019,14215.0,3416.33,2285,9,379.59222222222223
1020,13979.0,3416.23,2296,7,488.03285714285715
1021,14673.0,3410.81,2035,7,487.25857142857143
1022,15058.0,3410.03,1660,16,213.126875
1023,13437.0,3408.06,1283,7,486.86571428571426
1024,13425.0,3403.63,2382,5,680.726
1025,13823.0,3403.4500000000003,1564,7,486.2071428571429
1026,15114.0,3400.12,3532,12,283.3433333333333
1027,12838.0,3398.48,1845,10,339.848
1028,16067.0,3395.29,1279,3,1131.7633333333333
1029,13246.0,3387.43,2815,11,307.9481818181818
1030,17723.0,3378.4000000000005,912,7,482.6285714285715
1031,13135.0,3371.45,4423,2,1685.725
1032,13707.0,3365.86,2210,5,673.172
1033,13285.0,3364.59,2457,6,560.765
1034,13786.0,3358.94,1652,6,559.8233333333334
1035,15538.0,3358.3999999999996,1016,6,559.7333333333332
1036,14608.0,3352.94,927,11,304.8127272727273
1037,16818.0,3349.57,2165,11,304.50636363636363
1038,17183.0,3347.31,1296,6,557.885
1039,15265.0,3345.64,1570,4,836.41
1040,12424.0,3340.03,2025,4,835.0075
1041,13848.0,3335.0,10200,8,416.875
1042,14344.0,3333.7000000000003,1669,20,166.685
1043,14064.0,3332.42,3977,15,222.16133333333335
1044,16351.0,3330.0299999999997,2165,13,256.1561538461538
1045,17774.0,3328.05,1609,9,369.78333333333336
1046,15065.0,3326.86,1446,5,665.3720000000001
1047,12865.0,3323.47,1973,4,830.8675
1048,13291.0,3320.84,1619,11,301.8945454545455
1049,13611.0,3319.53,2002,10,331.95300000000003
1050,14161.0,3318.88,1623,7,474.1257142857143
1051,13431.0,3316.24,1570,8,414.53
1052,13824.0,3314.76,1442,12,276.23
1053,13131.0,3313.77,1523,7,473.3957142857143
1054,14451.0,3308.77,1757,12,275.73083333333335
1055,16365.0,3307.2,1135,15,220.48
1056,14506.0,3290.67,1078,7,470.0957142857143
1057,13650.0,3288.0,1746,10,328.8
1058,15632.0,3285.31,2109,8,410.66375
1059,14507.0,3284.43,1536,11,298.58454545454543
1060,14285.0,3284.42,954,8,410.5525
1061,18188.0,3280.59,1888,6,546.765
1062,15978.0,3279.42,2444,3,1093.14
1063,14293.0,3267.9300000000003,1730,9,363.10333333333335
1064,13214.0,3264.23,2966,7,466.31857142857143
1065,15057.0,3255.96,1394,5,651.192
1066,12770.0,3246.45,1843,2,1623.225
1067,16612.0,3245.43,1419,9,360.6033333333333
1068,14669.0,3243.93,2054,7,463.4185714285714
1069,15140.0,3243.69,2010,8,405.46125
1070,17353.0,3242.0,2168,4,810.5
1071,15625.0,3236.4,3020,9,359.6
1072,15602.0,3230.51,2353,16,201.906875
1073,16101.0,3229.16,1844,4,807.29
1074,16059.0,3217.77,1509,12,268.1475
1075,16515.0,3216.3,1601,10,321.63
1076,13268.0,3214.69,3658,11,292.24454545454546
1077,12951.0,3213.7200000000003,1662,15,214.24800000000002
1078,16918.0,3213.29,2069,16,200.830625
1079,13804.0,3208.52,1833,9,356.5022222222222
1080,16107.0,3204.1600000000003,1176,7,457.7371428571429
1081,17147.0,3199.95,1308,9,355.54999999999995
1082,14315.0,3197.82,1344,8,399.7275
1083,15027.0,3195.6,2782,10,319.56
1084,13868.0,3192.54,1964,2,1596.27
1085,13397.0,3191.87,1336,10,319.187
1086,16933.0,3181.25,1547,9,353.47222222222223
1087,12456.0,3181.04,1633,3,1060.3466666666666
1088,17228.0,3177.24,2568,13,244.4030769230769
1089,15353.0,3175.95,1551,7,453.70714285714286
1090,17621.0,3175.12,1110,6,529.1866666666666
1091,16837.0,3170.98,1563,11,288.2709090909091
1092,17640.0,3168.94,1692,6,528.1566666666666
1093,13052.0,3168.53,1454,7,452.6471428571429
1094,16041.0,3166.4,1584,3,1055.4666666666667
1095,14963.0,3164.48,2317,12,263.70666666666665
1096,16584.0,3163.67,1919,5,632.734
1097,16400.0,3159.44,2159,9,351.0488888888889
1098,15031.0,3156.58,1615,14,225.47
1099,12976.0,3156.38,2684,8,394.5475
1100,14748.0,3152.32,2752,10,315.232
1101,14306.0,3151.4,2065,6,525.2333333333333
1102,17090.0,3149.48,1362,13,242.2676923076923
1103,15614.0,3147.36,1632,4,786.84
1104,17702.0,3144.04,2153,6,524.0066666666667
1105,17354.0,3143.46,2535,4,785.865
1106,14978.0,3142.14,740,10,314.214
1107,15095.0,3141.64,2233,10,314.164
1108,17530.0,3141.51,1965,12,261.7925
1109,14897.0,3140.54,1162,8,392.5675
1110,13742.0,3131.02,1124,12,260.91833333333335
1111,15596.0,3130.04,1376,9,347.78222222222223
1112,14044.0,3123.1,2126,10,312.31
1113,15199.0,3122.4,894,10,312.24
1114,17145.0,3120.91,2591,4,780.2275
1115,13685.0,3119.44,5056,7,445.63428571428574
1116,14700.0,3116.26,1634,5,623.2520000000001
1117,13692.0,3114.4,2101,5,622.88
1118,13772.0,3114.22,1456,8,389.2775
1119,13538.0,3112.73,963,12,259.39416666666665
1120,16678.0,3109.99,2397,12,259.1658333333333
1121,17870.0,3108.15,1877,13,239.08846153846156
1122,12909.0,3103.19,1948,8,387.89875
1123,15491.0,3100.09,1646,6,516.6816666666667
1124,13464.0,3097.64,1440,6,516.2733333333333
1125,12937.0,3097.61,1983,9,344.1788888888889
1126,15105.0,3094.91,1747,9,343.87888888888887
1127,12849.0,3090.56,1882,6,515.0933333333334
1128,14312.0,3090.29,1904,11,280.93545454545455
1129,17552.0,3085.29,2095,12,257.1075
1130,12511.0,3084.02,1753,1,3084.02
1131,17929.0,3082.1,434,12,256.84166666666664
1132,16007.0,3075.14,2643,7,439.30571428571426
1133,17884.0,3072.89,3088,20,153.6445
1134,13647.0,3071.68,1803,8,383.96
1135,12469.0,3070.54,2552,2,1535.27
1136,13631.0,3070.42,467,11,279.1290909090909
1137,14038.0,3069.88,1708,5,613.976
1138,13196.0,3068.84,2006,7,438.4057142857143
1139,13077.0,3064.67,2785,11,278.60636363636365
1140,14456.0,3062.4,2908,9,340.26666666666665
1141,16120.0,3056.91,2205,6,509.48499999999996
1142,16775.0,3056.89,1020,16,191.055625
1143,15716.0,3056.81,1821,11,277.89181818181817
1144,15241.0,3050.16,3328,11,277.2872727272727
1145,16560.0,3048.38,1607,8,381.0475
1146,14916.0,3042.95,2415,8,380.36875
1147,15967.0,3041.6,1204,12,253.46666666666667
1148,15754.0,3037.61,1762,9,337.51222222222225
1149,13557.0,3032.26,2398,13,233.25076923076924
1150,13485.0,3019.2200000000003,1798,11,274.4745454545455
1151,15965.0,3013.09,1433,13,231.77615384615385
1152,13963.0,3011.87,2061,17,177.16882352941175
1153,12754.0,3010.74,6481,3,1003.5799999999999
1154,14590.0,3006.62,904,20,150.331
1155,17032.0,3004.6,1695,8,375.575
1156,14226.0,3002.53,1726,6,500.4216666666667
1157,14621.0,3000.57,1706,9,333.3966666666667
1158,13635.0,2999.16,1884,4,749.79
1159,15810.0,2999.04,1653,8,374.88
1160,15182.0,2998.952,1186,11,272.632
1161,15611.0,2997.28,747,26,115.28
1162,12457.0,2995.91,1095,8,374.48875
1163,17961.0,2995.54,1537,100,29.9554
1164,12854.0,2994.02,1635,7,427.71714285714285
1165,15687.0,2993.1,1310,9,332.56666666666666
1166,16012.0,2989.79,1766,5,597.958
1167,15681.0,2989.7,1392,14,213.54999999999998
1168,12374.0,2989.2200000000003,1362,4,747.3050000000001
1169,18241.0,2986.9900000000002,1471,21,142.23761904761906
1170,15329.0,2984.33,1219,11,271.3027272727273
1171,14544.0,2982.43,2438,3,994.1433333333333
1172,17692.0,2975.8,2338,12,247.98333333333335
1173,16383.0,2974.84,1620,7,424.9771428571429
1174,16416.0,2972.88,2210,9,330.32
1175,13012.0,2972.83,1563,11,270.2572727272727
1176,13110.0,2957.4700000000003,763,12,246.45583333333335
1177,16736.0,2956.56,1050,5,591.312
1178,12826.0,2955.75,1995,12,246.3125
1179,12877.0,2955.17,2262,20,147.7585
1180,13764.0,2953.26,2099,6,492.21000000000004
1181,14867.0,2952.06,996,16,184.50375
1182,13253.0,2951.11,3015,4,737.7775
1183,15757.0,2940.36,1757,6,490.06
1184,17444.0,2940.04,2119,3,980.0133333333333
1185,17588.0,2939.55,1379,7,419.9357142857143
1186,15235.0,2937.81,1735,16,183.613125
1187,14524.0,2933.71,1176,13,225.67000000000002
1188,12635.0,2930.41,1949,4,732.6025
1189,15312.0,2930.19,1693,12,244.1825
1190,15862.0,2928.29,1680,13,225.25307692307692
1191,13890.0,2927.38,1392,14,209.09857142857143
1192,12906.0,2919.81,1749,5,583.962
1193,16358.0,2919.65,2065,5,583.9300000000001
1194,15392.0,2911.62,2144,7,415.94571428571425
1195,13784.0,2910.23,2827,14,207.87357142857144
1196,12438.0,2906.85,1180,2,1453.425
1197,13455.0,2905.93,985,6,484.32166666666666
1198,14233.0,2904.27,1261,7,414.8957142857143
1199,16755.0,2900.58,1999,7,414.36857142857144
1200,14404.0,2899.11,1656,13,223.00846153846155
1201,17320.0,2895.77,1392,6,482.62833333333333
1202,15100.0,2894.7,334,7,413.5285714285714
1203,17242.0,2889.28,1459,5,577.856
1204,13501.0,2885.11,1253,3,961.7033333333334
1205,16633.0,2883.1,1138,6,480.51666666666665
1206,14251.0,2879.7000000000003,1674,5,575.94
1207,12806.0,2878.96,2087,4,719.74
1208,18170.0,2878.0,1184,9,319.77777777777777
1209,14005.0,2874.72,2478,5,574.944
1210,15043.0,2873.7999999999997,1031,6,478.96666666666664
1211,16467.0,2869.16,7384,7,409.88
1212,14711.0,2868.8,978,11,260.8
1213,16711.0,2868.48,1212,9,318.72
1214,16229.0,2867.86,1292,6,477.9766666666667
1215,16225.0,2867.4100000000003,1285,15,191.16066666666669
1216,15563.0,2867.0,3019,7,409.57142857142856
1217,16086.0,2864.9900000000002,1526,10,286.499
1218,14758.0,2864.97,840,7,409.28142857142853
1219,16062.0,2863.45,2035,8,357.93125
1220,12685.0,2863.08,1523,6,477.18
1221,14875.0,2862.4,1332,3,954.1333333333333
1222,16979.0,2859.74,1451,9,317.74888888888887
1223,14035.0,2856.72,1419,9,317.4133333333333
1224,13728.0,2855.17,1269,16,178.448125
1225,16742.0,2852.6099999999997,2600,14,203.75785714285712
1226,12352.0,2849.84,724,10,284.98400000000004
1227,14935.0,2849.83,1931,2,1424.915
1228,16163.0,2849.58,768,6,474.93
1229,13032.0,2843.55,1281,9,315.95000000000005
1230,12676.0,2843.09,1867,11,258.4627272727273
1231,16554.0,2841.72,1346,8,355.215
1232,13477.0,2834.17,2095,11,257.6518181818182
1233,17368.0,2826.14,2343,14,201.86714285714285
1234,14842.0,2824.69,1166,4,706.1725
1235,16407.0,2821.65,1484,14,201.54642857142858
1236,15797.0,2821.08,1281,6,470.18
1237,13719.0,2815.25,1599,11,255.9318181818182
1238,15660.0,2812.99,1893,15,187.53266666666664
1239,17386.0,2812.77,1955,7,401.82428571428574
1240,16871.0,2812.34,1253,6,468.72333333333336
1241,14903.0,2810.63,1536,5,562.126
1242,13330.0,2806.18,1975,6,467.69666666666666
1243,16817.0,2804.9,1565,13,215.76153846153846
1244,17470.0,2804.87,2843,11,254.9881818181818
1245,14869.0,2804.24,2138,6,467.3733333333333
1246,13799.0,2803.57,1539,9,311.5077777777778
1247,13205.0,2803.2,256,1,2803.2
1248,16764.0,2799.25,1259,13,215.32692307692307
1249,15993.0,2797.57,2051,7,399.65285714285716
1250,17284.0,2793.16,2071,8,349.145
1251,12863.0,2792.5499999999997,895,6,465.42499999999995
1252,15073.0,2788.02,1410,8,348.5025
1253,15021.0,2783.83,1217,12,231.98583333333332
1254,17790.0,2783.61,1389,20,139.1805
1255,14121.0,2780.15,2082,4,695.0375
1256,16104.0,2778.61,1048,9,308.7344444444445
1257,17591.0,2776.67,1173,8,347.08375
1258,16335.0,2774.0,1016,7,396.2857142857143
1259,17031.0,2773.85,1595,6,462.30833333333334
1260,12391.0,2773.42,1220,6,462.2366666666667
1261,13695.0,2770.73,1791,16,173.170625
1262,17720.0,2768.91,1613,10,276.89099999999996
1263,18210.0,2768.83,1499,7,395.54714285714283
1264,14696.0,2767.9,2151,8,345.9875
1265,15817.0,2766.4,1596,3,922.1333333333333
1266,13736.0,2766.21,1552,7,395.17285714285714
1267,17676.0,2765.84,1932,10,276.584
1268,13813.0,2765.47,1292,8,345.68375
1269,17115.0,2761.4900000000002,885,7,394.49857142857144
1270,17262.0,2757.62,709,11,250.69272727272727
1271,17490.0,2750.5,1531,9,305.6111111111111
1272,14665.0,2749.65,1144,7,392.8071428571429
1273,12982.0,2744.81,1729,8,343.10125
1274,17241.0,2744.14,865,12,228.6783333333333
1275,12669.0,2744.0299999999997,1115,3,914.6766666666666
1276,15841.0,2742.41,2391,9,304.7122222222222
1277,16434.0,2741.74,1338,12,228.47833333333332
1278,14808.0,2741.17,2147,8,342.64625
1279,14125.0,2740.43,1640,3,913.4766666666666
1280,18283.0,2736.65,1733,22,124.39318181818182
1281,15389.0,2733.8,3940,5,546.76
1282,15111.0,2730.87,1164,5,546.174
1283,12986.0,2729.84,1164,10,272.98400000000004
1284,13211.0,2729.32,1890,10,272.932
1285,12739.0,2726.73,951,4,681.6825
1286,16190.0,2723.55,1231,8,340.44375
1287,15985.0,2715.28,2750,7,387.8971428571429
1288,16232.0,2712.97,1849,7,387.5671428571428
1289,16359.0,2697.75,1764,16,168.609375
1290,18173.0,2696.36,1730,5,539.272
1291,12725.0,2694.56,1306,4,673.64
1292,17388.0,2691.57,2567,11,244.68818181818185
1293,12820.0,2689.52,1966,11,244.50181818181818
1294,15910.0,2681.8,2171,15,178.7866666666667
1295,14496.0,2668.23,991,7,381.17571428571426
1296,16369.0,2664.81,1594,7,380.6871428571429
1297,13473.0,2657.7599999999998,1000,8,332.21999999999997
1298,15671.0,2657.13,1699,7,379.59000000000003
1299,15157.0,2654.11,3466,5,530.822
1300,14756.0,2653.76,1423,3,884.5866666666667
1301,14410.0,2651.14,1379,11,241.01272727272726
1302,17744.0,2649.14,3826,7,378.4485714285714
1303,12516.0,2648.62,1952,4,662.155
1304,13203.0,2648.25,2413,10,264.825
1305,16618.0,2647.59,1363,5,529.518
1306,13117.0,2643.81,2067,18,146.87833333333333
1307,13819.0,2642.35,2309,6,440.39166666666665
1308,13173.0,2639.35,1620,11,239.9409090909091
1309,15814.0,2634.44,1728,6,439.0733333333333
1310,12520.0,2634.26,1439,5,526.8520000000001
1311,16276.0,2629.3900000000003,1467,3,876.4633333333335
1312,14548.0,2627.49,1021,9,291.9433333333333
1313,13422.0,2626.3,1326,1,2626.3
1314,13644.0,2624.26,2067,4,656.065
1315,12671.0,2622.481,1460,1,2622.481
1316,12423.0,2622.39,1793,10,262.239
1317,14573.0,2621.42,835,13,201.64769230769232
1318,15142.0,2619.92,2155,6,436.65333333333336
1319,14262.0,2618.23,1645,8,327.27875
1320,17043.0,2616.55,1624,8,327.06875
1321,14195.0,2615.6,2144,6,435.93333333333334
1322,15426.0,2615.39,1220,9,290.5988888888889
1323,14431.0,2614.2,1202,4,653.55
1324,13700.0,2613.46,2809,13,201.03538461538463
1325,14397.0,2612.96,1890,19,137.52421052631578
1326,14564.0,2605.62,1295,2,1302.81
1327,16206.0,2602.32,1384,13,200.17846153846156
1328,17787.0,2601.4700000000003,1266,4,650.3675000000001
1329,17317.0,2600.34,1146,3,866.7800000000001
1330,15826.0,2598.28,1824,4,649.57
1331,12412.0,2596.93,1997,6,432.82166666666666
1332,14163.0,2594.62,950,5,518.924
1333,14229.0,2594.04,934,7,370.57714285714286
1334,14129.0,2591.34,1414,9,287.9266666666667
1335,14147.0,2590.2,995,9,287.79999999999995
1336,15033.0,2586.67,1695,10,258.66700000000003
1337,15062.0,2585.62,1872,8,323.2025
1338,17897.0,2585.0,1043,9,287.22222222222223
1339,12592.0,2582.66,1875,5,516.5319999999999
1340,13151.0,2580.7400000000002,832,3,860.2466666666668
1341,16244.0,2579.38,1474,2,1289.69
1342,16499.0,2578.34,1364,8,322.2925
1343,16115.0,2575.14,1601,12,214.595
1344,17095.0,2572.25,1695,7,367.4642857142857
1345,14745.0,2571.81,1977,12,214.3175
1346,17002.0,2571.55,1265,7,367.36428571428576
1347,13652.0,2570.85,1570,5,514.17
1348,15434.0,2567.06,1423,11,233.36909090909091
1349,13623.0,2566.49,1023,10,256.649
1350,15747.0,2562.61,1370,9,284.7344444444445
1351,13192.0,2558.58,1629,6,426.43
1352,17463.0,2557.91,1490,7,365.4157142857143
1353,16036.0,2556.84,1369,4,639.21
1354,13862.0,2556.09,1927,9,284.01
1355,15906.0,2555.64,751,10,255.564
1356,17550.0,2547.64,989,9,283.0711111111111
1357,18179.0,2547.55,1811,8,318.44375
1358,13344.0,2543.72,971,3,847.9066666666666
1359,17465.0,2542.79,1477,7,363.2557142857143
1360,14810.0,2537.02,1247,13,195.1553846153846
1361,16987.0,2535.9,679,11,230.53636363636363
1362,16016.0,2533.94,1059,11,230.35818181818183
1363,13471.0,2531.58,1590,4,632.895
1364,16889.0,2530.9,1616,6,421.81666666666666
1365,14659.0,2529.93,1195,9,281.1033333333333
1366,14790.0,2526.62,2642,10,252.66199999999998
1367,17101.0,2507.05,1175,7,358.15000000000003
1368,15860.0,2505.21,1342,17,147.36529411764707
1369,12517.0,2502.84,1371,5,500.56800000000004
1370,12978.0,2502.82,1394,5,500.564
1371,16202.0,2501.9900000000002,1307,9,277.9988888888889
1372,17288.0,2499.98,1706,11,227.2709090909091
1373,14541.0,2499.68,1129,14,178.54857142857142
1374,17594.0,2497.88,1368,4,624.47
1375,15932.0,2495.87,2325,8,311.98375
1376,13414.0,2494.14,2702,6,415.69
1377,16795.0,2492.39,1459,3,830.7966666666666
1378,15227.0,2488.4900000000002,1217,9,276.4988888888889
1379,15117.0,2485.9700000000003,3093,8,310.74625000000003
1380,14449.0,2482.8,1778,8,310.35
1381,16520.0,2482.62,1266,6,413.77
1382,13507.0,2479.16,1597,4,619.79
1383,13588.0,2478.95,2606,9,275.43888888888887
1384,17348.0,2476.41,2793,9,275.15666666666664
1385,13134.0,2475.23,1364,6,412.53833333333336
1386,14256.0,2473.9900000000002,1171,5,494.79800000000006
1387,13878.0,2473.06,959,4,618.265
1388,13762.0,2472.48,2608,5,494.496
1389,14502.0,2470.67,1498,11,224.60636363636365
1390,17732.0,2470.39,1151,8,308.79875
1391,12924.0,2469.4,1423,12,205.78333333333333
1392,14421.0,2469.37,1342,6,411.56166666666667
1393,17164.0,2467.35,1501,7,352.4785714285714
1394,15221.0,2465.4500000000003,287,4,616.3625000000001
1395,17131.0,2463.17,983,5,492.634
1396,16470.0,2458.6,1357,11,223.5090909090909
1397,17629.0,2455.52,1903,10,245.552
1398,17894.0,2453.38,1020,18,136.29888888888888
1399,12701.0,2446.41,1727,6,407.73499999999996
1400,13338.0,2445.62,1151,4,611.405
1401,18171.0,2437.31,991,9,270.8122222222222
1402,15623.0,2437.05,1087,8,304.63125
1403,16005.0,2436.22,1310,10,243.62199999999999
1404,17505.0,2435.48,1242,5,487.096
1405,13085.0,2433.28,944,8,304.16
1406,13094.0,2433.1200000000003,2088,13,187.16307692307694
1407,16638.0,2430.53,1651,15,162.03533333333334
1408,15077.0,2428.08,528,2,1214.04
1409,13949.0,2427.32,2474,6,404.55333333333334
1410,17004.0,2425.16,1281,4,606.29
1411,12733.0,2424.87,896,4,606.2175
1412,17921.0,2423.5,1002,10,242.35
1413,15658.0,2423.4700000000003,693,8,302.93375000000003
1414,15215.0,2422.43,776,7,346.06142857142856
1415,15089.0,2420.84,1359,6,403.47333333333336
1416,15489.0,2419.61,1264,8,302.45125
1417,16040.0,2416.9,1185,7,345.2714285714286
1418,12802.0,2416.42,1972,7,345.20285714285717
1419,13118.0,2415.41,834,9,268.37888888888887
1420,14205.0,2414.2,1342,9,268.2444444444444
1421,12397.0,2409.9,1263,2,1204.95
1422,16833.0,2409.04,878,6,401.50666666666666
1423,17671.0,2403.34,1177,5,480.668
1424,15341.0,2402.7200000000003,1008,2,1201.3600000000001
1425,15793.0,2399.57,1685,8,299.94625
1426,12393.0,2399.4500000000003,1311,6,399.90833333333336
1427,14414.0,2399.33,2877,8,299.91625
1428,16147.0,2398.91,1395,5,479.782
1429,16883.0,2396.59,1080,19,126.1363157894737
1430,16812.0,2392.0,1116,4,598.0
1431,15366.0,2389.08,2447,7,341.29714285714283
1432,17827.0,2388.05,1592,6,398.0083333333334
1433,14443.0,2386.47,1520,5,477.294
1434,16105.0,2386.19,2125,5,477.238
1435,17623.0,2383.67,801,7,340.5242857142857
1436,17905.0,2383.52,1373,13,183.3476923076923
1437,16065.0,2382.62,1447,8,297.8275
1438,14554.0,2381.04,1478,4,595.26
1439,17434.0,2373.82,1693,7,339.1171428571429
1440,17969.0,2369.94,1017,20,118.497
1441,13908.0,2369.55,1478,4,592.3875
1442,15015.0,2365.02,1593,13,181.92461538461538
1443,14295.0,2362.91,1029,5,472.582
1444,17634.0,2361.9700000000003,840,9,262.4411111111111
1445,16676.0,2361.9,927,6,393.65000000000003
1446,13614.0,2359.19,828,6,393.1983333333333
1447,16083.0,2351.42,1514,4,587.855
1448,15549.0,2345.96,940,8,293.245
1449,16085.0,2343.53,1384,12,195.29416666666668
1450,12704.0,2340.84,1006,8,292.605
1451,17282.0,2339.66,2351,5,467.93199999999996
1452,12584.0,2338.15,416,9,259.7944444444445
1453,16496.0,2330.77,1764,6,388.46166666666664
1454,17313.0,2328.84,1402,1,2328.84
1455,13280.0,2322.63,1495,7,331.80428571428575
1456,17113.0,2322.59,915,6,387.09833333333336
1457,14938.0,2322.43,1369,2,1161.215
1458,13091.0,2321.82,1339,3,773.94
1459,13055.0,2321.11,1821,4,580.2775
1460,16628.0,2318.1,1260,7,331.15714285714284
1461,12724.0,2317.52,1379,7,331.07428571428574
1462,12948.0,2317.43,1304,9,257.4922222222222
1463,14346.0,2315.75,1878,5,463.15
1464,14555.0,2315.63,850,6,385.93833333333333
1465,17994.0,2313.32,2194,11,210.3018181818182
1466,13994.0,2313.14,940,6,385.5233333333333
1467,14481.0,2311.4900000000002,1584,5,462.29800000000006
1468,17193.0,2310.04,1668,9,256.6711111111111
1469,13704.0,2308.06,1531,9,256.4511111111111
1470,15946.0,2304.18,1614,3,768.06
1471,13059.0,2303.17,864,10,230.317
1472,18095.0,2303.09,1623,5,460.61800000000005
1473,17324.0,2301.87,1537,12,191.8225
1474,16077.0,2300.4,840,1,2300.4
1475,16531.0,2298.33,1863,11,208.9390909090909
1476,13371.0,2297.66,1019,2,1148.83
1477,12599.0,2296.72,2189,13,176.67076923076922
1478,16485.0,2294.68,1154,5,458.936
1479,12649.0,2294.65,1959,8,286.83125
1480,14901.0,2289.65,1053,12,190.80416666666667
1481,17047.0,2289.23,1184,6,381.53833333333336
1482,17018.0,2287.7,456,6,381.2833333333333
1483,12684.0,2283.63,1985,7,326.23285714285714
1484,18051.0,2282.28,1661,7,326.04
1485,13655.0,2280.51,1225,6,380.08500000000004
1486,14462.0,2270.01,1072,12,189.16750000000002
1487,13748.0,2268.35,1108,9,252.0388888888889
1488,15638.0,2265.2,1134,6,377.5333333333333
1489,16042.0,2265.12,1442,8,283.14
1490,15734.0,2263.3,516,4,565.825
1491,16823.0,2260.09,1168,7,322.87
1492,13814.0,2257.32,1214,3,752.44
1493,17180.0,2256.98,1828,11,205.18
1494,14432.0,2255.51,2070,6,375.91833333333335
1495,16350.0,2253.89,1077,9,250.4322222222222
1496,13662.0,2250.11,1179,11,204.55545454545455
1497,17414.0,2249.52,6256,6,374.92
1498,15865.0,2248.92,1147,5,449.784
1499,14644.0,2247.72,770,7,321.1028571428571
1500,18215.0,2247.4900000000002,1143,5,449.49800000000005
1501,16177.0,2247.31,1021,8,280.91375
1502,12868.0,2247.06,1282,8,280.8825
1503,16174.0,2246.75,1431,7,320.9642857142857
1504,13627.0,2245.9,1632,7,320.84285714285716
1505,13407.0,2244.7,1690,3,748.2333333333332
1506,17075.0,2241.73,787,10,224.173
1507,15629.0,2240.9,1518,4,560.225
1508,16551.0,2237.12,2076,7,319.5885714285714
1509,16108.0,2235.92,1473,4,558.98
1510,16221.0,2235.5099999999998,1515,9,248.39
1511,16076.0,2234.73,1435,10,223.473
1512,14177.0,2229.34,1048,13,171.48769230769233
1513,17460.0,2228.27,980,16,139.266875
1514,14472.0,2228.22,1305,9,247.57999999999998
1515,13320.0,2228.1,1519,6,371.34999999999997
1516,12783.0,2225.91,624,6,370.98499999999996
1517,13365.0,2225.37,1247,2,1112.685
1518,14467.0,2220.9900000000002,1196,12,185.0825
1519,15550.0,2218.8,1144,12,184.9
1520,14321.0,2218.06,3275,7,316.86571428571426
1521,18177.0,2216.87,1239,9,246.31888888888886
1522,17648.0,2216.37,954,5,443.274
1523,13478.0,2215.78,1189,5,443.15600000000006
1524,14708.0,2212.2799999999997,1509,5,442.45599999999996
1525,15476.0,2209.98,1174,4,552.495
1526,14834.0,2206.16,872,7,315.1657142857143
1527,13410.0,2201.96,1244,9,244.66222222222223
1528,14597.0,2201.54,1447,6,366.92333333333335
1529,14006.0,2196.67,2181,7,313.81
1530,16317.0,2192.51,1236,5,438.50200000000007
1531,15934.0,2190.66,2166,2,1095.33
1532,14212.0,2190.14,2046,2,1095.07
1533,17822.0,2188.5,1389,5,437.7
1534,15864.0,2180.76,1486,7,311.5371428571429
1535,12856.0,2179.93,1079,6,363.32166666666666
1536,13610.0,2175.88,909,14,155.42000000000002
1537,15649.0,2170.35,485,4,542.5875
1538,12501.0,2169.39,1783,1,2169.39
1539,13888.0,2169.05,903,7,309.86428571428576
1540,14595.0,2164.45,1228,8,270.55625
1541,15944.0,2164.24,859,4,541.06
1542,13755.0,2161.35,1264,9,240.14999999999998
1543,14407.0,2157.73,1415,6,359.62166666666667
1544,16379.0,2157.4,1410,4,539.35
1545,13643.0,2156.77,902,10,215.677
1546,13224.0,2155.95,1518,2,1077.975
1547,18009.0,2155.83,653,8,269.47875
1548,16966.0,2154.97,1981,7,307.8528571428571
1549,18116.0,2154.3,1281,13,165.71538461538464
1550,16600.0,2153.41,2420,13,165.64692307692306
1551,16275.0,2151.11,1268,3,717.0366666666667
1552,18239.0,2150.36,1052,6,358.3933333333334
1553,14216.0,2150.04,712,5,430.008
1554,16716.0,2149.6800000000003,912,3,716.5600000000001
1555,17272.0,2148.63,1778,4,537.1575
1556,16004.0,2146.39,1076,5,429.27799999999996
1557,13152.0,2146.38,977,7,306.6257142857143
1558,16134.0,2145.34,1637,5,429.06800000000004
1559,12576.0,2142.72,1494,8,267.84
1560,13092.0,2140.28,664,12,178.35666666666668
1561,14499.0,2138.9700000000003,1250,7,305.56714285714287
1562,12687.0,2138.91,1403,2,1069.455
1563,17029.0,2137.3,1265,7,305.3285714285715
1564,17305.0,2135.46,1006,1,2135.46
1565,12560.0,2134.01,1110,3,711.3366666666667
1566,16493.0,2132.09,1988,7,304.5842857142857
1567,13517.0,2128.42,1369,3,709.4733333333334
1568,14360.0,2128.23,1151,4,532.0575
1569,14634.0,2124.46,1906,4,531.115
1570,16807.0,2123.88,1433,6,353.98
1571,16996.0,2123.61,919,9,235.95666666666668
1572,14396.0,2121.93,1022,7,303.1328571428571
1573,15456.0,2119.27,2826,10,211.927
1574,14691.0,2114.33,707,5,422.866
1575,14399.0,2113.16,968,8,264.145
1576,14469.0,2112.21,980,4,528.0525
1577,16201.0,2112.12,1421,5,422.424
1578,16054.0,2111.88,791,4,527.97
1579,16934.0,2110.9900000000002,939,6,351.8316666666667
1580,12997.0,2110.91,1186,8,263.86375
1581,13265.0,2107.66,1752,5,421.532
1582,15252.0,2103.41,1430,5,420.68199999999996
1583,14276.0,2102.68,1406,7,300.3828571428571
1584,15815.0,2100.6,1856,5,420.12
1585,12975.0,2100.09,911,6,350.01500000000004
1586,16510.0,2100.0,1076,6,350.0
1587,17159.0,2099.59,1348,5,419.918
1588,12610.0,2099.54,1049,5,419.908
1589,17742.0,2098.48,653,11,190.7709090909091
1590,13753.0,2094.57,1450,4,523.6425
1591,13591.0,2093.94,850,7,299.13428571428574
1592,17585.0,2093.3,2539,7,299.04285714285714
1593,14723.0,2093.06,1308,11,190.27818181818182
1594,14896.0,2092.42,1117,8,261.5525
1595,16794.0,2090.91,1602,15,139.39399999999998
1596,16726.0,2088.41,1356,7,298.3442857142857
1597,15151.0,2085.61,795,2,1042.805
1598,15272.0,2085.48,687,6,347.58
1599,17705.0,2083.9,1301,11,189.44545454545457
1600,17289.0,2079.39,1260,9,231.04333333333332
1601,18026.0,2074.07,530,2,1037.035
1602,17048.0,2071.68,1068,7,295.9542857142857
1603,17126.0,2070.44,1468,9,230.04888888888888
1604,16290.0,2069.3,1001,4,517.325
1605,15164.0,2068.92,931,9,229.88
1606,14988.0,2066.6,1276,7,295.2285714285714
1607,12586.0,2062.67,687,4,515.6675
1608,13476.0,2061.4700000000003,713,5,412.29400000000004
1609,18258.0,2059.67,1981,6,343.27833333333336
1610,14623.0,2059.58,1059,10,205.958
1611,17633.0,2057.39,899,7,293.91285714285715
1612,12518.0,2056.89,1318,5,411.378
1613,16891.0,2056.82,774,11,186.98363636363638
1614,15253.0,2055.09,1588,8,256.88625
1615,14188.0,2054.36,1162,6,342.3933333333334
1616,16235.0,2053.71,788,9,228.19
1617,16176.0,2052.69,952,4,513.1725
1618,17086.0,2050.08,1859,6,341.68
1619,13874.0,2049.15,864,7,292.7357142857143
1620,13984.0,2048.6,1421,12,170.71666666666667
1621,16027.0,2048.36,2099,15,136.55733333333333
1622,14232.0,2048.07,1941,5,409.61400000000003
1623,17666.0,2047.8,1552,5,409.56
1624,13663.0,2047.51,893,5,409.502
1625,14000.0,2046.3400000000001,1838,5,409.26800000000003
1626,15473.0,2046.0,776,8,255.75
1627,16960.0,2043.43,1515,8,255.42875
1628,12585.0,2040.1,1279,2,1020.05
1629,15506.0,2040.03,1647,6,340.005
1630,16214.0,2038.25,1308,4,509.5625
1631,16331.0,2037.7,756,6,339.6166666666667
1632,14225.0,2037.02,1168,4,509.255
1633,13705.0,2035.33,1009,7,290.76142857142855
1634,14651.0,2034.1200000000001,886,9,226.01333333333335
1635,17846.0,2033.1,1,1,2033.1
1636,13630.0,2031.78,1391,7,290.2542857142857
1637,17337.0,2027.8700000000001,1269,4,506.96750000000003
1638,15384.0,2027.79,1767,4,506.9475
1639,12873.0,2027.3,786,3,675.7666666666667
1640,13989.0,2026.06,2207,5,405.212
1641,14631.0,2025.69,1407,6,337.615
1642,15478.0,2024.98,904,3,674.9933333333333
1643,17227.0,2022.03,1774,12,168.5025
1644,12418.0,2021.2,1088,4,505.3
1645,13696.0,2020.4,552,3,673.4666666666667
1646,12348.0,2019.4,2714,5,403.88
1647,16197.0,2016.71,1420,9,224.07888888888888
1648,17152.0,2016.5,577,4,504.125
1649,16529.0,2012.0,751,4,503.0
1650,13693.0,2011.82,880,9,223.53555555555556
1651,16332.0,2010.41,1132,11,182.76454545454547
1652,15990.0,2010.05,1090,7,287.15
1653,15531.0,2007.44,1105,2,1003.72
1654,14730.0,2005.06,1132,8,250.6325
1655,14628.0,1998.0,1147,5,399.6
1656,16698.0,1998.0,840,2,999.0
1657,14152.0,1997.3400000000001,1844,7,285.3342857142857
1658,18204.0,1993.7,1200,3,664.5666666666667
1659,15481.0,1993.34,1450,1,1993.34
1660,14301.0,1992.18,1686,4,498.045
1661,13889.0,1991.23,979,6,331.87166666666667
1662,17088.0,1991.01,868,4,497.7525
1663,13208.0,1988.5,1345,9,220.94444444444446
1664,17351.0,1988.23,383,12,165.68583333333333
1665,17797.0,1985.87,1090,8,248.23375
1666,14967.0,1982.6100000000001,652,6,330.435
1667,15192.0,1981.39,1644,5,396.278
1668,13725.0,1980.56,806,8,247.57
1669,12582.0,1980.4,985,4,495.1
1670,17158.0,1980.0,1147,5,396.0
1671,15030.0,1979.91,1225,8,247.48875
1672,15795.0,1979.8700000000001,1411,8,247.48375000000001
1673,17966.0,1974.42,3943,10,197.442
1674,14905.0,1971.39,1009,8,246.42375
1675,17997.0,1970.6699999999998,2298,8,246.33374999999998
1676,12674.0,1970.6,1133,4,492.65
1677,16032.0,1970.45,1480,6,328.40833333333336
1678,14477.0,1969.6,1120,7,281.37142857142857
1679,13838.0,1966.09,794,10,196.60899999999998
1680,15081.0,1965.72,806,12,163.81
1681,16233.0,1965.71,689,9,218.41222222222223
1682,12399.0,1962.3,2198,7,280.3285714285714
1683,15789.0,1962.01,2499,6,327.00166666666667
1684,18016.0,1960.46,1209,7,280.0657142857143
1685,17039.0,1954.99,689,1,1954.99
1686,17135.0,1954.16,1922,10,195.416
1687,14794.0,1953.9,783,10,195.39000000000001
1688,17554.0,1952.45,1763,5,390.49
1689,13761.0,1952.17,1079,6,325.3616666666667
1690,15885.0,1951.82,622,15,130.12133333333333
1691,16993.0,1950.9499999999998,285,2,975.4749999999999
1692,16788.0,1950.3,985,5,390.06
1693,14014.0,1948.21,2004,3,649.4033333333333
1694,15425.0,1944.57,1042,4,486.1425
1695,14332.0,1943.51,893,5,388.702
1696,15620.0,1942.36,1249,4,485.59
1697,13276.0,1939.26,855,5,387.852
1698,12385.0,1938.4,612,1,1938.4
1699,16619.0,1938.33,1055,4,484.5825
1700,14418.0,1937.25,1711,3,645.75
1701,15605.0,1936.8,712,9,215.2
1702,15561.0,1934.3899999999999,1334,8,241.79874999999998
1703,12528.0,1933.48,756,6,322.24666666666667
1704,12531.0,1933.2,1119,2,966.6
1705,16859.0,1932.41,1899,7,276.05857142857144
1706,16770.0,1932.13,1120,9,214.68111111111114
1707,15803.0,1929.66,1030,4,482.415
1708,17236.0,1929.26,804,12,160.77166666666668
1709,13029.0,1927.3,194,5,385.46
1710,14710.0,1922.59,1151,13,147.89153846153846
1711,14492.0,1921.91,751,7,274.55857142857144
1712,16681.0,1921.84,1492,7,274.5485714285714
1713,18220.0,1921.76,1352,6,320.29333333333335
1714,16942.0,1920.59,811,9,213.39888888888888
1715,12644.0,1918.49,1032,4,479.6225
1716,12842.0,1917.99,887,4,479.4975
1717,16650.0,1916.11,1511,7,273.72999999999996
1718,16555.0,1915.68,1816,6,319.28000000000003
1719,16692.0,1914.6999999999998,878,4,478.67499999999995
1720,16426.0,1908.25,1243,10,190.825
1721,12947.0,1908.03,1349,6,318.005
1722,17046.0,1906.07,1636,5,381.214
1723,17350.0,1906.041,1216,7,272.29157142857144
1724,13503.0,1905.39,1118,6,317.565
1725,17235.0,1904.8799999999999,971,8,238.10999999999999
1726,14250.0,1904.05,1200,3,634.6833333333333
1727,14127.0,1900.0800000000002,828,6,316.68
1728,16049.0,1899.68,1165,6,316.61333333333334
1729,12762.0,1898.52,1227,2,949.26
1730,14389.0,1898.01,1388,5,379.602
1731,14224.0,1897.9,863,9,210.8777777777778
1732,14741.0,1897.59,1120,7,271.0842857142857
1733,17560.0,1895.8,1604,9,210.64444444444445
1734,14327.0,1894.93,1296,6,315.82166666666666
1735,17609.0,1894.34,1325,11,172.21272727272728
1736,15248.0,1893.93,1065,3,631.3100000000001
1737,15678.0,1893.89,1067,3,631.2966666666667
1738,16631.0,1892.52,775,7,270.36
1739,15381.0,1890.5700000000002,802,5,378.11400000000003
1740,17341.0,1889.83,1169,5,377.966
1741,17259.0,1889.34,1158,6,314.89
1742,14912.0,1889.25,1819,6,314.875
1743,13884.0,1888.48,797,10,188.848
1744,16172.0,1884.55,1419,8,235.56875
1745,14130.0,1882.67,1239,4,470.6675
1746,16725.0,1882.11,784,14,134.43642857142856
1747,14403.0,1880.51,737,6,313.41833333333335
1748,16660.0,1879.55,991,7,268.50714285714287
1749,18151.0,1879.44,986,6,313.24
1750,15197.0,1877.51,1058,6,312.91833333333335
1751,13946.0,1876.23,2847,6,312.705
1752,13168.0,1875.31,912,5,375.062
1753,12494.0,1872.8700000000001,988,9,208.0966666666667
1754,16474.0,1871.5,943,7,267.35714285714283
1755,14887.0,1862.0,1100,1,1862.0
1756,14305.0,1858.96,1089,3,619.6533333333333
1757,17974.0,1858.06,1243,6,309.6766666666667
1758,16917.0,1857.83,793,2,928.915
1759,16043.0,1856.5900000000001,1011,8,232.07375000000002
1760,12383.0,1850.56,1532,5,370.11199999999997
1761,12381.0,1845.31,808,5,369.062
1762,12507.0,1844.06,1267,4,461.015
1763,18180.0,1843.75,1721,6,307.2916666666667
1764,12694.0,1843.35,1355,3,614.4499999999999
1765,12950.0,1843.0,1380,3,614.3333333333334
1766,15201.0,1842.95,1660,7,263.2785714285714
1767,17015.0,1842.56,1981,3,614.1866666666666
1768,16102.0,1842.14,942,3,614.0466666666667
1769,14553.0,1841.54,1140,9,204.61555555555555
1770,16880.0,1840.86,911,8,230.1075
1771,14715.0,1840.45,1034,8,230.05625
1772,17919.0,1840.32,1452,2,920.16
1773,15822.0,1840.06,950,6,306.6766666666667
1774,14870.0,1838.95,483,6,306.4916666666667
1775,13924.0,1838.8500000000001,1575,6,306.475
1776,16175.0,1836.44,932,7,262.34857142857146
1777,16205.0,1830.61,1455,7,261.5157142857143
1778,15402.0,1830.54,2034,6,305.09
1779,16152.0,1829.04,642,1,1829.04
1780,15339.0,1827.84,1143,7,261.12
1781,16797.0,1827.77,909,5,365.554
1782,16825.0,1826.89,1297,5,365.37800000000004
1783,18122.0,1826.21,1234,6,304.36833333333334
1784,17244.0,1826.04,1419,5,365.20799999999997
1785,17642.0,1824.49,1475,5,364.898
1786,16169.0,1822.97,1325,4,455.7425
1787,14738.0,1821.9,757,9,202.43333333333334
1788,13561.0,1820.72,1136,11,165.52
1789,17888.0,1820.44,1544,25,72.8176
1790,17828.0,1820.09,667,4,455.0225
1791,16110.0,1819.27,902,4,454.8175
1792,16511.0,1819.02,787,6,303.17
1793,15807.0,1817.52,1532,5,363.504
1794,15736.0,1815.72,1268,2,907.86
1795,16634.0,1814.61,1321,6,302.435
1796,15530.0,1813.72,1340,5,362.744
1797,14704.0,1813.57,1209,11,164.87
1798,14915.0,1811.25,707,11,164.6590909090909
1799,15972.0,1810.27,480,5,362.054
1800,16595.0,1810.18,1378,5,362.036
1801,14893.0,1809.6100000000001,1047,3,603.2033333333334
1802,15133.0,1806.9,960,5,361.38
1803,15889.0,1806.28,989,8,225.785
1804,18096.0,1805.28,1483,6,300.88
1805,12784.0,1804.75,882,3,601.5833333333334
1806,18161.0,1803.1000000000001,965,6,300.5166666666667
1807,16249.0,1800.07,950,5,360.014
1808,15452.0,1799.1100000000001,1091,6,299.8516666666667
1809,16348.0,1798.22,1178,8,224.7775
1810,17750.0,1797.57,3957,9,199.73
1811,18235.0,1796.48,1578,3,598.8266666666667
1812,18236.0,1795.3500000000001,696,12,149.6125
1813,17165.0,1794.32,788,6,299.05333333333334
1814,14850.0,1794.01,1408,7,256.28714285714284
1815,13782.0,1793.72,649,13,137.97846153846154
1816,17603.0,1793.48,640,4,448.37
1817,13711.0,1792.26,819,9,199.14
1818,13375.0,1792.23,1124,2,896.115
1819,12369.0,1791.15,1241,3,597.0500000000001
1820,15608.0,1785.98,1262,5,357.196
1821,16611.0,1785.13,874,6,297.5216666666667
1822,15128.0,1783.68,1583,5,356.736
1823,14583.0,1781.03,1155,8,222.62875
1824,16380.0,1780.59,1524,1,1780.59
1825,18214.0,1780.34,989,4,445.085
1826,15220.0,1778.96,1393,6,296.49333333333334
1827,12458.0,1777.49,986,4,444.3725
1828,12908.0,1776.0,3000,5,355.2
1829,12778.0,1775.68,1735,9,197.29777777777778
1830,13920.0,1774.68,1772,4,443.67
1831,16124.0,1772.49,797,4,443.1225
1832,15594.0,1771.78,983,5,354.356
1833,16374.0,1771.45,800,5,354.29
1834,17813.0,1770.8799999999999,790,5,354.176
1835,14387.0,1770.56,819,3,590.1866666666666
1836,14933.0,1770.0,600,4,442.5
1837,13456.0,1766.72,765,6,294.4533333333333
1838,16751.0,1764.72,1031,1,1764.72
1839,13648.0,1764.02,960,8,220.5025
1840,13717.0,1763.3,2144,8,220.4125
1841,15777.0,1762.61,599,7,251.80142857142854
1842,16620.0,1758.93,1146,6,293.15500000000003
1843,14522.0,1758.6200000000001,968,8,219.82750000000001
1844,16266.0,1757.95,791,14,125.56785714285715
1845,12809.0,1755.94,518,3,585.3133333333334
1846,17432.0,1751.39,1016,9,194.5988888888889
1847,13155.0,1750.18,909,6,291.69666666666666
1848,16639.0,1747.98,751,4,436.995
1849,14584.0,1747.91,963,8,218.48875
1850,13808.0,1747.66,782,5,349.53200000000004
1851,15976.0,1746.6399999999999,1078,6,291.1066666666666
1852,17695.0,1746.04,1809,5,349.20799999999997
1853,14692.0,1745.09,905,12,145.42416666666665
1854,14236.0,1744.64,812,5,348.928
1855,17190.0,1743.04,2225,7,249.00571428571428
1856,12425.0,1741.41,1147,2,870.705
1857,17321.0,1741.18,817,6,290.19666666666666
1858,16087.0,1739.92,664,5,347.98400000000004
1859,13531.0,1738.52,600,6,289.75333333333333
1860,13240.0,1738.52,859,8,217.315
1861,14075.0,1734.87,1494,6,289.145
1862,17268.0,1733.8899999999999,1395,11,157.62636363636364
1863,13026.0,1733.08,2466,9,192.56444444444443
1864,14400.0,1732.47,1706,3,577.49
1865,16809.0,1727.43,1093,9,191.93666666666667
1866,15730.0,1726.58,1061,5,345.316
1867,14304.0,1725.01,775,3,575.0033333333333
1868,16010.0,1724.06,931,11,156.73272727272726
1869,13363.0,1723.86,1146,3,574.62
1870,17451.0,1721.4,1203,7,245.91428571428574
1871,16899.0,1721.02,818,8,215.1275
1872,16119.0,1720.81,811,8,215.10125
1873,15267.0,1717.36,944,5,343.472
1874,14021.0,1716.58,878,7,245.22571428571428
1875,17162.0,1715.46,1001,10,171.546
1876,14987.0,1713.85,671,8,214.23125
1877,14447.0,1711.73,913,6,285.28833333333336
1878,13665.0,1711.6599999999999,1652,3,570.5533333333333
1879,16654.0,1711.47,703,8,213.93375
1880,12405.0,1710.39,857,1,1710.39
1881,15551.0,1710.08,814,7,244.29714285714286
1882,13104.0,1709.1,834,9,189.89999999999998
1883,17731.0,1708.99,707,6,284.83166666666665
1884,15607.0,1708.97,1470,9,189.88555555555556
1885,15947.0,1708.24,898,1,1708.24
1886,12407.0,1708.1200000000001,1416,5,341.624
1887,13566.0,1708.1200000000001,1266,5,341.624
1888,16768.0,1708.12,777,9,189.7911111111111
1889,16907.0,1707.9,532,9,189.76666666666668
1890,16902.0,1706.88,629,1,1706.88
1891,13309.0,1706.3700000000001,1914,6,284.39500000000004
1892,16398.0,1705.8,758,2,852.9
1893,14859.0,1705.64,888,5,341.12800000000004
1894,17571.0,1703.75,1020,5,340.75
1895,16329.0,1703.07,826,4,425.7675
1896,12693.0,1703.02,536,7,243.28857142857143
1897,15911.0,1702.34,811,8,212.7925
1898,13184.0,1701.29,1692,10,170.129
1899,15326.0,1700.52,1351,5,340.104
1900,12932.0,1698.56,1609,8,212.32
1901,17694.0,1695.97,1493,3,565.3233333333334
1902,12764.0,1693.88,386,1,1693.88
1903,14245.0,1693.45,976,2,846.725
1904,16813.0,1692.98,1525,10,169.298
1905,14829.0,1692.84,1147,7,241.8342857142857
1906,14078.0,1692.6299999999999,618,9,188.07
1907,16671.0,1692.27,875,3,564.09
1908,13294.0,1689.53,996,3,563.1766666666666
1909,12813.0,1687.8,1141,3,562.6
1910,12933.0,1687.03,959,8,210.87875
1911,15996.0,1686.9,747,7,240.9857142857143
1912,17041.0,1686.28,1337,6,281.0466666666667
1913,12775.0,1686.12,1083,7,240.8742857142857
1914,13516.0,1685.26,1114,4,421.315
1915,15987.0,1682.13,1715,8,210.26625
1916,15732.0,1682.07,1361,10,168.207
1917,13064.0,1680.74,670,6,280.12333333333333
1918,12911.0,1680.47,820,1,1680.47
1919,14643.0,1679.89,1377,5,335.978
1920,13800.0,1679.56,891,3,559.8533333333334
1921,13649.0,1678.88,863,6,279.81333333333333
1922,12870.0,1676.95,906,3,558.9833333333333
1923,14831.0,1676.57,885,3,558.8566666666667
1924,13149.0,1676.06,1280,4,419.015
1925,17656.0,1674.69,1399,5,334.938
1926,13587.0,1673.5,664,4,418.375
1927,13308.0,1670.3700000000001,1073,4,417.59250000000003
1928,13417.0,1669.49,532,6,278.24833333333333
1929,17534.0,1668.83,860,5,333.76599999999996
1930,13434.0,1666.8600000000001,864,5,333.372
1931,12912.0,1662.3,670,5,332.46
1932,15214.0,1661.44,1254,8,207.68
1933,15167.0,1659.67,872,5,331.934
1934,18276.0,1656.52,1246,6,276.08666666666664
1935,16625.0,1654.03,1057,5,330.806
1936,12577.0,1653.75,1197,8,206.71875
1937,18022.0,1651.79,1390,5,330.358
1938,18085.0,1645.75,585,4,411.4375
1939,12657.0,1643.18,1044,4,410.795
1940,15013.0,1641.3,1747,10,164.13
1941,14904.0,1640.64,2549,4,410.16
1942,13506.0,1639.2,1174,5,327.84000000000003
1943,14420.0,1639.17,1120,4,409.7925
1944,13554.0,1638.28,582,7,234.04
1945,12847.0,1636.8999999999999,1533,2,818.4499999999999
1946,17006.0,1636.32,573,8,204.54
1947,17951.0,1636.0800000000002,898,4,409.02000000000004
1948,12398.0,1635.6599999999999,1394,1,1635.6599999999999
1949,15310.0,1634.64,1476,1,1634.64
1950,18062.0,1632.67,831,6,272.1116666666667
1951,14164.0,1631.77,1033,2,815.885
1952,18136.0,1631.3600000000001,860,5,326.27200000000005
1953,16256.0,1629.37,1590,3,543.1233333333333
1954,14759.0,1625.97,569,3,541.99
1955,13154.0,1624.84,976,3,541.6133333333333
1956,18149.0,1624.71,918,7,232.10142857142858
1957,15172.0,1624.05,1611,5,324.81
1958,17764.0,1623.64,729,5,324.728
1959,14937.0,1621.88,484,3,540.6266666666667
1960,17867.0,1621.2800000000002,672,15,108.08533333333335
1961,14178.0,1620.93,1505,7,231.5614285714286
1962,12379.0,1620.22,815,4,405.055
1963,14695.0,1620.07,678,3,540.0233333333333
1964,15422.0,1619.97,710,7,231.42428571428573
1965,16801.0,1619.73,499,4,404.9325
1966,17515.0,1617.46,528,9,179.71777777777777
1967,17814.0,1617.32,1440,2,808.66
1968,16224.0,1616.54,1555,5,323.308
1969,16461.0,1615.22,1039,3,538.4066666666666
1970,14336.0,1614.91,1759,4,403.7275
1971,16860.0,1610.62,625,3,536.8733333333333
1972,13900.0,1610.59,938,6,268.4316666666667
1973,13249.0,1608.93,1246,9,178.77
1974,17886.0,1608.38,725,6,268.06333333333333
1975,17853.0,1608.19,627,3,536.0633333333334
1976,14920.0,1607.17,886,3,535.7233333333334
1977,17222.0,1605.01,863,6,267.50166666666667
1978,17345.0,1604.68,2013,10,160.46800000000002
1979,14719.0,1602.13,1032,5,320.42600000000004
1980,15325.0,1602.01,1383,8,200.25125
1981,14587.0,1601.14,761,9,177.90444444444447
1982,14885.0,1598.12,1308,3,532.7066666666666
1983,13740.0,1597.77,991,5,319.554
1984,12514.0,1597.76,840,2,798.88
1985,15134.0,1596.29,1057,10,159.629
1986,13850.0,1595.48,944,1,1595.48
1987,13239.0,1594.69,1187,5,318.938
1988,16774.0,1594.45,785,8,199.30625
1989,17028.0,1593.83,856,3,531.2766666666666
1990,17837.0,1593.38,518,8,199.1725
1991,15289.0,1593.09,1627,5,318.618
1992,13752.0,1590.73,1007,7,227.24714285714285
1993,17540.0,1590.6000000000001,588,6,265.1
1994,16092.0,1587.94,1188,6,264.6566666666667
1995,13156.0,1586.54,914,3,528.8466666666667
1996,16096.0,1584.97,700,4,396.2425
1997,15279.0,1580.54,802,5,316.108
1998,13202.0,1580.3,572,7,225.75714285714284
1999,12607.0,1579.51,1228,1,1579.51
2000,17649.0,1578.89,723,3,526.2966666666667
2001,13186.0,1575.89,820,3,525.2966666666667
2002,12549.0,1575.68,1366,6,262.61333333333334
2003,13337.0,1575.26,980,1,1575.26
2004,14489.0,1574.93,1011,4,393.7325
2005,16099.0,1573.2,960,7,224.74285714285716
2006,15466.0,1571.01,944,4,392.7525
2007,14136.0,1570.81,1148,5,314.162
2008,14198.0,1569.73,623,9,174.41444444444446
2009,13539.0,1569.3600000000001,710,7,224.19428571428574
2010,17624.0,1568.63,958,4,392.1575
2011,15074.0,1566.33,1063,3,522.11
2012,17977.0,1565.6299999999999,2062,2,782.8149999999999
2013,17323.0,1565.59,1442,12,130.46583333333334
2014,18036.0,1563.6399999999999,748,11,142.1490909090909
2015,17851.0,1563.34,938,6,260.5566666666667
2016,13939.0,1560.96,1608,7,222.99428571428572
2017,12629.0,1558.22,722,2,779.11
2018,16140.0,1557.6000000000001,1376,3,519.2
2019,13042.0,1556.54,830,3,518.8466666666667
2020,16394.0,1555.34,2604,5,311.068
2021,15149.0,1554.6100000000001,380,5,310.922
2022,16017.0,1553.83,640,5,310.76599999999996
2023,13360.0,1553.65,942,4,388.4125
2024,13377.0,1552.88,748,2,776.44
2025,14186.0,1550.63,1550,5,310.12600000000003
2026,14754.0,1550.48,1011,6,258.41333333333336
2027,12926.0,1548.46,766,4,387.115
2028,16366.0,1548.1299999999999,882,4,387.03249999999997
2029,17454.0,1547.94,727,10,154.794
2030,16790.0,1545.6200000000001,898,6,257.60333333333335
2031,16915.0,1543.18,190,11,140.2890909090909
2032,15701.0,1542.14,923,4,385.535
2033,18252.0,1542.09,937,7,220.29857142857142
2034,13783.0,1542.09,3437,4,385.5225
2035,12818.0,1542.08,929,1,1542.08
2036,13310.0,1541.2,816,5,308.24
2037,13579.0,1539.04,764,5,307.808
2038,16835.0,1538.41,515,6,256.4016666666667
2039,15798.0,1535.37,915,3,511.78999999999996
2040,13402.0,1535.13,1107,4,383.7825
2041,16491.0,1533.16,1060,2,766.58
2042,14567.0,1530.3600000000001,412,2,765.1800000000001
2043,16714.0,1529.8,849,4,382.45
2044,17610.0,1529.49,902,5,305.898
2045,14068.0,1528.3700000000001,513,4,382.09250000000003
2046,17990.0,1527.6100000000001,777,6,254.6016666666667
2047,16340.0,1526.06,1345,3,508.68666666666667
2048,12970.0,1524.97,1014,10,152.497
2049,15587.0,1522.0800000000002,528,7,217.44000000000003
2050,16066.0,1521.87,936,5,304.37399999999997
2051,14055.0,1520.96,720,3,506.9866666666667
2052,15574.0,1518.7,949,6,253.11666666666667
2053,14264.0,1517.3600000000001,553,6,252.89333333333335
2054,14267.0,1516.24,530,3,505.41333333333336
2055,13791.0,1516.0,1200,2,758.0
2056,14220.0,1515.0,468,4,378.75
2057,14682.0,1514.81,949,6,252.46833333333333
2058,17025.0,1510.6399999999999,1024,5,302.128
2059,16910.0,1510.06,886,8,188.7575
2060,13370.0,1509.74,686,1,1509.74
2061,16037.0,1509.34,766,5,301.868
2062,15948.0,1509.0900000000001,852,3,503.03000000000003
2063,18074.0,1509.04,551,2,754.52
2064,13158.0,1508.18,992,5,301.636
2065,15261.0,1508.0,806,4,377.0
2066,17179.0,1507.26,625,6,251.21
2067,15110.0,1505.8500000000001,337,6,250.97500000000002
2068,16450.0,1505.73,681,3,501.91
2069,14802.0,1502.98,2,2,751.49
2070,17290.0,1501.44,1147,8,187.68
2071,16762.0,1501.38,618,3,500.46000000000004
2072,13810.0,1499.01,312,3,499.67
2073,15590.0,1496.6,832,5,299.32
2074,15882.0,1495.98,814,8,186.9975
2075,15173.0,1494.6,840,7,213.5142857142857
2076,14894.0,1492.81,603,3,497.6033333333333
2077,16239.0,1492.2,692,6,248.70000000000002
2078,16314.0,1491.4,636,3,497.1333333333334
2079,18268.0,1490.23,711,6,248.37166666666667
2080,16419.0,1487.42,721,8,185.9275
2081,14609.0,1486.2,12720,10,148.62
2082,15427.0,1483.14,1013,3,494.38000000000005
2083,15630.0,1481.4,987,3,493.8
2084,17590.0,1479.22,828,3,493.0733333333333
2085,15101.0,1477.94,676,6,246.32333333333335
2086,16121.0,1477.09,897,5,295.418
2087,14246.0,1474.06,804,3,491.3533333333333
2088,16980.0,1473.3300000000002,1039,3,491.11000000000007
2089,14684.0,1468.55,1039,6,244.75833333333333
2090,13138.0,1467.24,718,7,209.6057142857143
2091,13500.0,1466.3,838,4,366.575
2092,18196.0,1464.31,1047,4,366.0775
2093,12882.0,1463.04,246,2,731.52
2094,16586.0,1462.78,348,3,487.5933333333333
2095,17978.0,1461.76,1797,4,365.44
2096,18106.0,1461.46,512,6,243.57666666666668
2097,14657.0,1460.8700000000001,885,6,243.47833333333335
2098,15071.0,1455.56,416,4,363.89
2099,16569.0,1455.23,988,5,291.046
2100,14487.0,1453.61,837,7,207.6585714285714
2101,13165.0,1451.16,1736,3,483.72
2102,17582.0,1450.7,606,5,290.14
2103,13361.0,1450.5,324,2,725.25
2104,15876.0,1449.1399999999999,886,2,724.5699999999999
2105,13023.0,1449.03,585,3,483.01
2106,16906.0,1448.8,613,7,206.97142857142856
2107,17545.0,1448.54,733,6,241.42333333333332
2108,15076.0,1447.74,866,3,482.58
2109,14591.0,1447.14,1297,4,361.785
2110,17073.0,1446.09,759,4,361.5225
2111,13583.0,1445.031,1097,2,722.5155
2112,15636.0,1444.58,560,4,361.145
2113,17175.0,1443.69,866,4,360.9225
2114,17734.0,1442.32,741,6,240.38666666666666
2115,18066.0,1440.4,535,3,480.1333333333334
2116,13543.0,1439.6100000000001,329,2,719.8050000000001
2117,14071.0,1438.82,995,8,179.8525
2118,13159.0,1437.85,1059,4,359.4625
2119,16088.0,1437.43,373,2,718.715
2120,16727.0,1437.42,1109,4,359.355
2121,13278.0,1435.85,1358,4,358.9625
2122,12805.0,1434.95,593,4,358.7375
2123,13259.0,1433.38,517,9,159.26444444444445
2124,12389.0,1433.33,614,3,477.77666666666664
2125,17941.0,1433.28,1108,4,358.32
2126,17950.0,1432.81,847,7,204.68714285714285
2127,13475.0,1431.78,1012,4,357.945
2128,15468.0,1430.48,1400,3,476.82666666666665
2129,18071.0,1428.63,847,6,238.10500000000002
2130,14412.0,1426.19,1428,3,475.3966666666667
2131,17411.0,1425.38,608,5,285.076
2132,18221.0,1424.94,1000,6,237.49
2133,15799.0,1424.29,1342,4,356.0725
2134,13145.0,1423.52,266,7,203.35999999999999
2135,17438.0,1422.77,553,5,284.554
2136,15106.0,1422.52,1181,5,284.504
2137,16463.0,1422.4,1163,4,355.6
2138,14019.0,1421.61,1037,3,473.86999999999995
2139,16926.0,1421.35,237,5,284.27
2140,15652.0,1420.34,659,5,284.068
2141,14775.0,1418.46,1558,3,472.82
2142,16173.0,1418.32,575,6,236.38666666666666
2143,15444.0,1418.26,764,2,709.13
2144,17856.0,1418.03,842,4,354.5075
2145,15223.0,1417.95,385,5,283.59000000000003
2146,14662.0,1416.33,935,7,202.33285714285714
2147,16245.0,1413.66,1014,3,471.22
2148,17496.0,1412.89,675,4,353.2225
2149,17878.0,1412.33,1038,3,470.77666666666664
2150,15237.0,1412.32,1071,4,353.08
2151,16848.0,1411.62,780,4,352.905
2152,17908.0,1411.54,856,5,282.308
2153,13821.0,1410.73,483,6,235.12166666666667
2154,17714.0,1410.18,608,5,282.036
2155,16854.0,1408.96,997,2,704.48
2156,13049.0,1408.24,620,4,352.06
2157,14083.0,1407.26,966,11,127.93272727272728
2158,12695.0,1407.1200000000001,454,7,201.0171428571429
2159,14909.0,1404.68,888,3,468.2266666666667
2160,12765.0,1404.58,1009,6,234.09666666666666
2161,18189.0,1403.73,836,3,467.91
2162,15186.0,1403.2,716,5,280.64
2163,14687.0,1402.06,850,3,467.3533333333333
2164,18202.0,1396.99,581,3,465.66333333333336
2165,16129.0,1396.05,1261,3,465.34999999999997
2166,16300.0,1392.43,658,3,464.1433333333334
2167,15322.0,1390.86,971,2,695.43
2168,15141.0,1388.47,1197,7,198.35285714285715
2169,15154.0,1388.41,349,3,462.80333333333334
2170,15453.0,1388.37,845,7,198.3385714285714
2171,12952.0,1387.79,653,4,346.9475
2172,13382.0,1387.58,863,5,277.51599999999996
2173,16167.0,1386.1200000000001,1494,5,277.22400000000005
2174,14899.0,1384.88,586,1,1384.88
2175,18167.0,1384.8600000000001,382,3,461.62000000000006
2176,13572.0,1384.25,534,1,1384.25
2177,14116.0,1382.74,707,5,276.548
2178,16389.0,1382.07,1242,4,345.5175
2179,15580.0,1381.19,959,8,172.64875
2180,14861.0,1380.73,1076,10,138.073
2181,15751.0,1380.44,443,11,125.49454545454546
2182,13074.0,1378.74,826,4,344.685
2183,12886.0,1378.4,770,2,689.2
2184,14853.0,1376.87,345,5,275.37399999999997
2185,17150.0,1375.65,403,6,229.275
2186,16669.0,1374.8700000000001,888,3,458.29
2187,14577.0,1374.25,573,7,196.32142857142858
2188,14265.0,1373.35,715,4,343.3375
2189,14434.0,1372.8,368,6,228.79999999999998
2190,14538.0,1370.8400000000001,284,5,274.168
2191,14316.0,1370.34,4494,5,274.068
2192,12533.0,1367.89,704,2,683.945
2193,13035.0,1364.2,926,3,454.73333333333335
2194,14114.0,1364.09,650,7,194.86999999999998
2195,13760.0,1363.6399999999999,623,5,272.72799999999995
2196,15347.0,1363.6,672,4,340.9
2197,16367.0,1362.4,1117,3,454.1333333333334
2198,17796.0,1361.99,379,7,194.57
2199,16588.0,1361.28,882,4,340.32
2200,13396.0,1360.99,600,2,680.495
2201,13919.0,1360.68,1133,4,340.17
2202,14102.0,1360.28,961,5,272.056
2203,16384.0,1358.95,861,4,339.7375
2204,15411.0,1358.88,530,4,339.72
2205,13232.0,1357.6,778,7,193.94285714285712
2206,17429.0,1357.46,1286,5,271.492
2207,12875.0,1356.99,5187,5,271.398
2208,17054.0,1356.33,804,5,271.26599999999996
2209,14550.0,1353.31,776,4,338.3275
2210,15116.0,1352.75,648,4,338.1875
2211,12591.0,1352.15,677,3,450.7166666666667
2212,16079.0,1352.0,864,3,450.6666666666667
2213,14847.0,1348.95,533,3,449.65000000000003
2214,12646.0,1346.97,897,2,673.485
2215,14320.0,1346.75,713,5,269.35
2216,13639.0,1346.27,997,2,673.135
2217,15398.0,1345.53,769,2,672.765
2218,16222.0,1345.22,503,2,672.61
2219,12426.0,1345.21,584,2,672.605
2220,12463.0,1344.78,776,4,336.195
2221,14618.0,1342.32,704,7,191.76
2222,13743.0,1341.6,1776,7,191.65714285714284
2223,17499.0,1341.39,1086,2,670.695
2224,17097.0,1340.45,660,9,148.9388888888889
2225,12620.0,1339.41,1181,3,446.47
2226,12711.0,1339.05,770,2,669.525
2227,13803.0,1338.91,831,3,446.30333333333334
2228,13220.0,1336.0900000000001,396,5,267.218
2229,12919.0,1335.19,673,6,222.53166666666667
2230,17033.0,1332.79,871,4,333.1975
2231,17932.0,1331.57,789,3,443.8566666666666
2232,15774.0,1329.94,473,6,221.65666666666667
2233,16372.0,1328.61,748,5,265.722
2234,16295.0,1328.55,841,4,332.1375
2235,14712.0,1328.0700000000002,411,4,332.01750000000004
2236,15146.0,1327.16,1473,2,663.58
2237,17027.0,1327.1100000000001,653,9,147.45666666666668
2238,14956.0,1325.0,2500,1,1325.0
2239,16894.0,1324.06,507,3,441.3533333333333
2240,12960.0,1322.07,1379,4,330.5175
2241,16370.0,1320.56,647,4,330.14
2242,13497.0,1320.33,579,6,220.05499999999998
2243,12526.0,1316.66,632,3,438.8866666666667
2244,15471.0,1316.56,683,3,438.8533333333333
2245,14921.0,1316.07,953,2,658.035
2246,14725.0,1315.24,1340,4,328.81
2247,14511.0,1314.81,784,5,262.962
2248,16464.0,1314.68,963,3,438.2266666666667
2249,14973.0,1314.45,369,3,438.15000000000003
2250,16296.0,1313.67,645,4,328.4175
2251,13282.0,1313.19,410,4,328.2975
2252,12364.0,1313.1,1506,4,328.275
2253,16756.0,1312.3700000000001,707,7,187.48142857142858
2254,12639.0,1312.37,631,3,437.45666666666665
2255,12987.0,1312.21,585,5,262.442
2256,14856.0,1311.3799999999999,714,3,437.1266666666666
2257,13855.0,1310.3400000000001,575,4,327.58500000000004
2258,15038.0,1309.86,441,9,145.54
2259,16955.0,1309.41,823,6,218.235
2260,12717.0,1308.91,600,3,436.30333333333334
2261,16377.0,1308.48,2928,2,654.24
2262,13328.0,1308.48,680,1,1308.48
2263,13846.0,1307.79,705,4,326.9475
2264,16777.0,1307.76,475,5,261.552
2265,16282.0,1307.58,790,3,435.85999999999996
2266,15677.0,1305.63,675,3,435.21000000000004
2267,14297.0,1305.33,865,4,326.3325
2268,16744.0,1304.76,805,7,186.3942857142857
2269,15813.0,1303.9099999999999,603,2,651.9549999999999
2270,15579.0,1302.5,723,5,260.5
2271,15400.0,1302.3,662,8,162.7875
2272,16574.0,1301.78,1002,3,433.9266666666667
2273,16723.0,1301.63,1002,4,325.4075
2274,15108.0,1300.25,499,4,325.0625
2275,14284.0,1299.65,510,3,433.2166666666667
2276,14480.0,1299.52,670,4,324.88
2277,16943.0,1299.49,147,5,259.898
2278,14479.0,1299.11,620,4,324.7775
2279,12488.0,1298.66,529,3,432.8866666666667
2280,12372.0,1298.04,794,3,432.68
2281,14167.0,1296.49,350,8,162.06125
2282,18286.0,1296.43,608,2,648.215
2283,15525.0,1295.7,680,4,323.925
2284,17109.0,1295.46,789,8,161.9325
2285,16929.0,1295.39,929,7,185.0557142857143
2286,13440.0,1295.25,573,7,185.03571428571428
2287,16212.0,1293.71,571,4,323.4275
2288,15621.0,1293.03,501,4,323.2575
2289,14619.0,1291.24,594,2,645.62
2290,15171.0,1289.5,290,1,1289.5
2291,14679.0,1289.44,794,3,429.81333333333333
2292,16608.0,1288.72,613,2,644.36
2293,15136.0,1286.7,776,4,321.675
2294,14821.0,1286.45,485,7,183.77857142857144
2295,16949.0,1286.27,791,6,214.37833333333333
2296,13300.0,1285.51,455,3,428.50333333333333
2297,17034.0,1283.92,700,5,256.784
2298,17142.0,1283.75,323,4,320.9375
2299,13443.0,1280.16,809,6,213.36
2300,17862.0,1279.09,443,4,319.7725
2301,13617.0,1278.75,593,8,159.84375
2302,14474.0,1278.08,453,2,639.04
2303,17521.0,1278.06,806,5,255.612
2304,13243.0,1278.04,579,5,255.608
2305,16951.0,1277.75,1318,3,425.9166666666667
2306,15584.0,1277.5,487,6,212.91666666666666
2307,15211.0,1277.48,357,2,638.74
2308,17759.0,1276.91,976,5,255.382
2309,18035.0,1276.74,1161,5,255.348
2310,14478.0,1276.66,1226,4,319.165
2311,13916.0,1275.81,673,4,318.9525
2312,14820.0,1274.76,724,9,141.64
2313,15809.0,1274.44,700,7,182.06285714285715
2314,14490.0,1273.47,933,2,636.735
2315,17478.0,1272.8,516,2,636.4
2316,17132.0,1272.8,980,2,636.4
2317,12394.0,1272.48,819,2,636.24
2318,16527.0,1272.44,726,2,636.22
2319,14984.0,1271.41,350,6,211.90166666666667
2320,12630.0,1270.88,548,2,635.44
2321,13492.0,1269.84,408,3,423.28
2322,15439.0,1269.05,572,4,317.2625
2323,14379.0,1268.91,713,4,317.2275
2324,13892.0,1267.6499999999999,3125,6,211.27499999999998
2325,17037.0,1267.32,656,1,1267.32
2326,17531.0,1266.82,472,3,422.2733333333333
2327,13515.0,1265.82,819,6,210.97
2328,17635.0,1265.58,770,3,421.85999999999996
2329,16842.0,1264.19,693,3,421.3966666666667
2330,14427.0,1263.52,538,4,315.88
2331,15009.0,1261.78,642,3,420.5933333333333
2332,14419.0,1260.91,556,7,180.13000000000002
2333,13065.0,1260.91,455,5,252.18200000000002
2334,16688.0,1260.86,804,4,315.215
2335,17343.0,1259.94,454,6,209.99
2336,12993.0,1259.6299999999999,751,8,157.45374999999999
2337,13689.0,1259.5,722,2,629.75
2338,15651.0,1259.06,871,5,251.81199999999998
2339,14871.0,1258.97,454,9,139.88555555555556
2340,14931.0,1257.68,417,5,251.536
2341,12402.0,1256.9,584,6,209.48333333333335
2342,17481.0,1255.59,1061,4,313.8975
2343,15064.0,1254.41,810,4,313.6025
2344,15441.0,1254.21,587,3,418.07
2345,15664.0,1254.03,530,4,313.5075
2346,16292.0,1253.76,688,5,250.752
2347,14698.0,1250.76,615,5,250.152
2348,15599.0,1250.06,1098,3,416.68666666666667
2349,18135.0,1249.6200000000001,753,10,124.96200000000002
2350,14020.0,1249.01,648,4,312.2525
2351,12666.0,1248.42,370,1,1248.42
2352,14383.0,1247.69,817,3,415.8966666666667
2353,12689.0,1247.61,628,2,623.805
2354,14240.0,1247.49,655,3,415.83
2355,14382.0,1246.8,1701,2,623.4
2356,15004.0,1246.32,630,1,1246.32
2357,13860.0,1245.9,591,5,249.18
2358,14428.0,1244.83,436,5,248.96599999999998
2359,17076.0,1242.75,514,6,207.125
2360,15800.0,1242.58,588,7,177.51142857142855
2361,17201.0,1242.04,1075,4,310.51
2362,14446.0,1241.31,1116,5,248.262
2363,13201.0,1240.6100000000001,1039,4,310.15250000000003
2364,17529.0,1240.25,790,2,620.125
2365,13863.0,1239.55,553,4,309.8875
2366,12985.0,1239.38,1533,2,619.69
2367,16501.0,1237.23,642,1,1237.23
2368,14231.0,1235.6200000000001,610,4,308.90500000000003
2369,15376.0,1233.3600000000001,619,3,411.12000000000006
2370,17397.0,1233.18,697,3,411.06
2371,12605.0,1232.95,929,4,308.2375
2372,16159.0,1232.79,635,4,308.1975
2373,18080.0,1231.5,642,2,615.75
2374,17360.0,1231.3799999999999,636,6,205.23
2375,12673.0,1230.02,700,3,410.00666666666666
2376,13019.0,1229.95,397,6,204.99166666666667
2377,17342.0,1227.54,521,4,306.885
2378,12866.0,1227.35,553,3,409.1166666666666
2379,13030.0,1227.22,598,2,613.61
2380,17539.0,1226.57,747,4,306.6425
2381,17456.0,1225.42,730,2,612.71
2382,15269.0,1225.3600000000001,372,3,408.4533333333334
2383,15303.0,1224.18,514,3,408.06
2384,14512.0,1223.47,742,7,174.78142857142856
2385,13787.0,1222.5,998,6,203.75
2386,16946.0,1222.04,509,5,244.408
2387,14430.0,1220.9,446,3,406.9666666666667
2388,13299.0,1218.7,416,3,406.23333333333335
2389,13304.0,1217.99,716,4,304.4975
2390,15390.0,1216.66,894,2,608.33
2391,15661.0,1215.95,779,8,151.99375
2392,13140.0,1215.68,648,5,243.13600000000002
2393,17410.0,1214.72,616,5,242.94400000000002
2394,17198.0,1213.88,599,3,404.6266666666667
2395,13405.0,1213.811,855,6,202.30183333333332
2396,18263.0,1213.1599999999999,1468,3,404.3866666666666
2397,16872.0,1213.13,1079,6,202.18833333333336
2398,13918.0,1212.8400000000001,1140,2,606.4200000000001
2399,16653.0,1212.66,733,2,606.33
2400,12464.0,1212.05,112,8,151.50625
2401,15377.0,1211.75,253,4,302.9375
2402,14193.0,1210.19,653,3,403.3966666666667
2403,13723.0,1209.2,629,6,201.53333333333333
2404,17062.0,1208.22,922,6,201.37
2405,17653.0,1207.56,1409,4,301.89
2406,16830.0,1207.5,699,4,301.875
2407,18193.0,1207.35,926,3,402.45
2408,15573.0,1207.18,780,5,241.436
2409,18181.0,1205.94,524,5,241.18800000000002
2410,15737.0,1205.1200000000001,599,8,150.64000000000001
2411,18057.0,1203.56,978,3,401.18666666666667
2412,15994.0,1202.18,469,3,400.7266666666667
2413,12742.0,1201.52,1359,1,1201.52
2414,16800.0,1201.49,540,1,1201.49
2415,15181.0,1200.2,688,5,240.04000000000002
2416,16693.0,1199.46,688,5,239.892
2417,15600.0,1199.31,657,4,299.8275
2418,17800.0,1199.01,736,9,133.22333333333333
2419,16345.0,1198.74,620,2,599.37
2420,17713.0,1198.09,989,4,299.5225
2421,16307.0,1194.92,1123,3,398.3066666666667
2422,15145.0,1194.73,756,4,298.6825
2423,14201.0,1193.54,806,10,119.354
2424,12611.0,1193.32,846,1,1193.32
2425,13293.0,1192.94,555,6,198.82333333333335
2426,16306.0,1192.82,742,7,170.40285714285713
2427,13976.0,1192.36,452,4,298.09
2428,14213.0,1192.2,244,1,1192.2
2429,17984.0,1191.27,973,5,238.254
2430,13882.0,1191.13,953,5,238.22600000000003
2431,16471.0,1189.98,670,4,297.495
2432,12462.0,1189.59,536,2,594.795
2433,17239.0,1189.45,515,4,297.3625
2434,14275.0,1189.3799999999999,538,6,198.23
2435,15022.0,1186.09,656,5,237.218
2436,13388.0,1185.65,701,3,395.2166666666667
2437,18060.0,1185.46,902,2,592.73
2438,13601.0,1185.14,972,4,296.285
2439,14206.0,1185.01,930,3,395.00333333333333
2440,15259.0,1182.3799999999999,631,4,295.59499999999997
2441,17021.0,1182.22,992,6,197.03666666666666
2442,13526.0,1182.0,1911,2,591.0
2443,13395.0,1180.23,1660,3,393.41
2444,18277.0,1180.05,449,5,236.01
2445,13270.0,1180.0,400,1,1180.0
2446,17058.0,1179.89,592,3,393.2966666666667
2447,16614.0,1179.79,349,3,393.2633333333333
2448,13797.0,1179.45,573,3,393.15000000000003
2449,18025.0,1177.72,1053,6,196.28666666666666
2450,15068.0,1176.85,835,4,294.2125
2451,13233.0,1176.46,1604,4,294.115
2452,15210.0,1176.19,841,3,392.06333333333333
2453,14370.0,1175.78,266,6,195.96333333333334
2454,12885.0,1175.22,655,3,391.74
2455,12915.0,1174.75,452,4,293.6875
2456,12640.0,1174.58,311,3,391.52666666666664
2457,14126.0,1172.46,887,4,293.115
2458,14818.0,1170.41,546,6,195.06833333333336
2459,12691.0,1170.4,445,7,167.20000000000002
2460,17373.0,1167.5,738,7,166.78571428571428
2461,17664.0,1166.23,1058,4,291.5575
2462,17812.0,1165.8899999999999,612,7,166.55571428571426
2463,14693.0,1165.36,388,7,166.48
2464,14261.0,1163.45,406,2,581.725
2465,17525.0,1161.9,338,3,387.3
2466,12546.0,1161.5,633,2,580.75
2467,12972.0,1161.2,844,4,290.3
2468,13897.0,1160.72,820,3,386.9066666666667
2469,13459.0,1160.4099999999999,986,2,580.2049999999999
2470,15088.0,1160.07,460,2,580.035
2471,16838.0,1159.61,509,4,289.9025
2472,13499.0,1159.11,1365,5,231.82199999999997
2473,17513.0,1158.8,440,3,386.26666666666665
2474,16184.0,1158.79,561,6,193.13166666666666
2475,12439.0,1158.18,484,2,579.09
2476,15028.0,1157.71,796,6,192.95166666666668
2477,15879.0,1157.3,643,4,289.325
2478,17169.0,1156.73,671,3,385.57666666666665
2479,13744.0,1156.36,1249,2,578.18
2480,14788.0,1156.32,719,3,385.44
2481,17127.0,1155.0300000000002,340,5,231.00600000000003
2482,16637.0,1154.47,927,4,288.6175
2483,13462.0,1153.85,697,5,230.76999999999998
2484,14475.0,1151.15,541,4,287.7875
2485,12475.0,1149.64,771,2,574.82
2486,12710.0,1149.02,851,3,383.00666666666666
2487,16521.0,1148.01,1016,3,382.67
2488,14308.0,1147.02,2,2,573.51
2489,16766.0,1145.6,536,2,572.8
2490,17477.0,1144.3,225,2,572.15
2491,12769.0,1143.6,356,1,1143.6
2492,14585.0,1143.27,630,5,228.654
2493,17770.0,1143.27,365,5,228.654
2494,18125.0,1142.99,804,4,285.7475
2495,13856.0,1142.03,1105,11,103.82090909090908
2496,18218.0,1142.0,1076,4,285.5
2497,16769.0,1141.75,301,4,285.4375
2498,16270.0,1141.24,688,1,1141.24
2499,15586.0,1139.1,1338,3,379.7
2500,17500.0,1138.0,17,3,379.3333333333333
2501,17302.0,1135.63,575,5,227.12600000000003
2502,17866.0,1134.95,535,3,378.31666666666666
2503,13109.0,1134.03,757,3,378.01
2504,17137.0,1133.63,697,6,188.93833333333336
2505,16989.0,1133.25,1233,6,188.875
2506,14375.0,1132.99,659,3,377.66333333333336
2507,15500.0,1131.56,572,4,282.89
2508,13393.0,1131.45,662,4,282.8625
2509,12616.0,1131.1,498,3,377.0333333333333
2510,15695.0,1131.04,484,4,282.76
2511,16014.0,1130.27,478,5,226.054
2512,17622.0,1130.21,379,2,565.105
2513,16354.0,1129.51,599,5,225.902
2514,12427.0,1129.3,612,3,376.43333333333334
2515,13447.0,1129.14,584,3,376.38000000000005
2516,14450.0,1128.44,522,7,161.2057142857143
2517,12373.0,1127.65,516,3,375.8833333333334
2518,14671.0,1127.45,571,2,563.725
2519,15969.0,1127.05,223,5,225.41
2520,12503.0,1126.0,561,1,1126.0
2521,13167.0,1125.15,1007,5,225.03000000000003
2522,13778.0,1124.49,511,4,281.1225
2523,14917.0,1123.75,891,2,561.875
2524,16916.0,1123.4,764,4,280.85
2525,15436.0,1122.53,613,3,374.1766666666667
2526,17492.0,1122.42,450,3,374.14000000000004
2527,13486.0,1122.41,669,3,374.1366666666667
2528,17562.0,1122.38,817,7,160.34
2529,13368.0,1121.5,606,4,280.375
2530,16895.0,1121.42,433,5,224.28400000000002
2531,13589.0,1120.74,293,6,186.79
2532,17007.0,1120.1,717,7,160.0142857142857
2533,17871.0,1118.99,713,5,223.798
2534,17423.0,1118.95,790,3,372.98333333333335
2535,16430.0,1117.94,307,7,159.7057142857143
2536,17788.0,1117.9,211,2,558.95
2537,16278.0,1117.84,342,3,372.6133333333333
2538,14971.0,1116.57,644,3,372.19
2539,14966.0,1115.8400000000001,1098,6,185.97333333333336
2540,14080.0,1115.68,268,5,223.13600000000002
2541,13509.0,1114.72,1214,8,139.34
2542,16203.0,1114.54,607,6,185.75666666666666
2543,14672.0,1113.14,646,4,278.285
2544,12679.0,1113.02,554,4,278.255
2545,12648.0,1112.0,518,4,278.0
2546,16139.0,1111.15,602,5,222.23000000000002
2547,16702.0,1110.83,692,4,277.7075
2548,15069.0,1109.53,520,1,1109.53
2549,15559.0,1109.4,526,1,1109.4
2550,15828.0,1108.82,367,1,1108.82
2551,15933.0,1107.46,885,3,369.15333333333336
2552,14891.0,1106.73,788,4,276.6825
2553,14805.0,1104.64,421,7,157.8057142857143
2554,16391.0,1103.61,748,4,275.9025
2555,12434.0,1103.43,532,3,367.81
2556,16386.0,1102.59,723,3,367.53
2557,16223.0,1102.3500000000001,651,2,551.1750000000001
2558,13295.0,1101.97,733,4,275.4925
2559,14948.0,1101.97,673,6,183.66166666666666
2560,16418.0,1101.94,580,5,220.388
2561,12785.0,1100.4,453,3,366.8
2562,14009.0,1099.91,951,3,366.6366666666667
2563,12421.0,1098.6,652,6,183.1
2564,13108.0,1098.52,1043,2,549.26
2565,16805.0,1097.24,1122,5,219.448
2566,17366.0,1096.24,510,2,548.12
2567,16533.0,1095.56,612,3,365.18666666666667
2568,13835.0,1095.27,520,7,156.46714285714285
2569,17703.0,1094.84,897,4,273.71
2570,15745.0,1094.59,421,4,273.6475
2571,13521.0,1093.65,736,3,364.55
2572,14460.0,1093.5,1879,9,121.5
2573,12803.0,1092.81,872,1,1092.81
2574,13546.0,1092.14,589,5,218.42800000000003
2575,17726.0,1092.06,444,7,156.00857142857143
2576,14199.0,1091.7,254,4,272.925
2577,14813.0,1090.87,474,4,272.7175
2578,16211.0,1090.59,519,3,363.53
2579,13853.0,1090.14,312,1,1090.14
2580,12534.0,1089.18,651,1,1089.18
2581,14343.0,1088.91,631,4,272.2275
2582,15254.0,1088.35,711,3,362.7833333333333
2583,15535.0,1087.82,323,6,181.3033333333333
2584,16188.0,1087.66,838,5,217.532
2585,15763.0,1086.92,271,2,543.46
2586,14139.0,1086.8,1049,4,271.7
2587,16298.0,1085.7,308,7,155.1
2588,14013.0,1084.57,775,5,216.914
2589,17420.0,1084.43,499,6,180.73833333333334
2590,13467.0,1083.71,584,2,541.855
2591,13567.0,1083.69,645,4,270.9225
2592,14561.0,1080.76,1014,3,360.25333333333333
2593,13727.0,1080.05,370,8,135.00625
2594,13726.0,1079.6599999999999,1054,2,539.8299999999999
2595,12354.0,1079.4,530,1,1079.4
2596,15546.0,1079.1000000000001,198,2,539.5500000000001
2597,14352.0,1078.96,538,4,269.74
2598,13656.0,1078.85,862,4,269.7125
2599,13607.0,1078.31,468,2,539.155
2600,16231.0,1078.22,564,4,269.555
2601,16183.0,1077.81,351,4,269.4525
2602,16642.0,1077.45,775,3,359.15000000000003
2603,16071.0,1076.8,697,4,269.2
2604,13959.0,1076.18,700,6,179.36333333333334
2605,16048.0,1075.23,569,4,268.8075
2606,15912.0,1074.7,759,9,119.41111111111111
2607,16884.0,1073.92,521,4,268.48
2608,15238.0,1071.99,692,3,357.33
2609,12801.0,1071.82,505,1,1071.82
2610,17854.0,1071.45,610,6,178.57500000000002
2611,16593.0,1071.1399999999999,377,8,133.89249999999998
2612,14484.0,1070.98,744,4,267.745
2613,17522.0,1070.71,1034,5,214.142
2614,12728.0,1070.17,543,5,214.03400000000002
2615,17214.0,1069.1200000000001,276,6,178.1866666666667
2616,15626.0,1067.52,1138,3,355.84
2617,14675.0,1066.9,726,2,533.45
2618,17277.0,1065.3500000000001,430,2,532.6750000000001
2619,15639.0,1065.08,849,3,355.02666666666664
2620,14488.0,1064.28,799,1,1064.28
2621,15801.0,1063.95,570,3,354.65000000000003
2622,12936.0,1063.9,559,4,265.975
2623,17849.0,1063.76,224,8,132.97
2624,12815.0,1063.46,379,2,531.73
2625,14411.0,1063.0,196,1,1063.0
2626,14204.0,1062.96,492,4,265.74
2627,16903.0,1062.28,747,3,354.0933333333333
2628,15026.0,1061.61,673,5,212.32199999999997
2629,17616.0,1060.8,416,4,265.2
2630,15003.0,1060.7,547,6,176.78333333333333
2631,15706.0,1060.56,321,4,265.14
2632,17727.0,1060.25,645,1,1060.25
2633,16261.0,1059.45,459,6,176.57500000000002
2634,17421.0,1059.41,807,3,353.1366666666667
2635,18130.0,1059.39,824,3,353.13000000000005
2636,15850.0,1058.72,1379,6,176.45333333333335
2637,17555.0,1057.74,747,5,211.548
2638,15407.0,1056.44,558,4,264.11
2639,14734.0,1056.42,378,4,264.105
2640,12791.0,1056.1100000000001,450,6,176.01833333333335
2641,15645.0,1055.17,396,3,351.72333333333336
2642,15977.0,1054.73,1016,2,527.365
2643,16728.0,1054.67,677,4,263.6675
2644,12716.0,1053.49,708,2,526.745
2645,12580.0,1052.9,569,2,526.45
2646,15886.0,1052.8700000000001,667,4,263.21750000000003
2647,15855.0,1052.72,712,6,175.45333333333335
2648,14947.0,1049.79,416,6,174.965
2649,13775.0,1049.66,455,1,1049.66
2650,17934.0,1049.15,628,3,349.7166666666667
2651,15464.0,1048.85,350,1,1048.85
2652,15839.0,1048.49,675,3,349.49666666666667
2653,17578.0,1047.33,529,7,149.6185714285714
2654,17474.0,1047.0,200,1,1047.0
2655,15091.0,1046.6100000000001,582,3,348.87000000000006
2656,14108.0,1044.96,673,4,261.24
2657,17042.0,1044.3799999999999,994,5,208.87599999999998
2658,13359.0,1043.31,381,2,521.655
2659,16991.0,1041.21,793,1,1041.21
2660,13613.0,1039.8500000000001,445,5,207.97000000000003
2661,13873.0,1038.92,472,8,129.865
2662,12486.0,1037.28,523,1,1037.28
2663,17869.0,1036.16,560,7,148.02285714285716
2664,14902.0,1035.6200000000001,716,3,345.2066666666667
2665,17926.0,1035.49,572,5,207.098
2666,16260.0,1035.45,311,1,1035.45
2667,16787.0,1035.43,474,4,258.8575
2668,13258.0,1035.18,451,5,207.036
2669,16441.0,1034.43,484,5,206.88600000000002
2670,12811.0,1033.9,435,5,206.78000000000003
2671,17980.0,1033.42,782,4,258.355
2672,17724.0,1033.0,300,3,344.3333333333333
2673,14248.0,1032.95,692,3,344.31666666666666
2674,13000.0,1032.5,548,4,258.125
2675,17405.0,1031.41,726,3,343.80333333333334
2676,13235.0,1031.07,441,1,1031.07
2677,16385.0,1030.61,549,5,206.12199999999999
2678,16198.0,1030.0410000000002,384,2,515.0205000000001
2679,16284.0,1029.77,683,3,343.25666666666666
2680,14932.0,1029.66,337,2,514.83
2681,15333.0,1028.56,344,1,1028.56
2682,16682.0,1028.0,1040,5,205.6
2683,15104.0,1027.44,637,2,513.72
2684,16227.0,1027.22,436,3,342.4066666666667
2685,15887.0,1027.15,605,3,342.3833333333334
2686,13956.0,1026.42,491,5,205.28400000000002
2687,17749.0,1026.18,446,3,342.06
2688,16160.0,1025.44,1162,2,512.72
2689,13602.0,1025.17,538,4,256.2925
2690,17310.0,1025.1,402,2,512.55
2691,17362.0,1024.04,549,7,146.29142857142855
2692,16568.0,1020.9000000000001,366,2,510.45000000000005
2693,12572.0,1020.42,452,2,510.21
2694,13376.0,1019.76,493,3,339.92
2695,18142.0,1019.52,1276,2,509.76
2696,12403.0,1019.36,260,2,509.68
2697,12828.0,1018.71,494,6,169.785
2698,12905.0,1018.42,532,2,509.21
2699,12793.0,1017.33,526,3,339.11
2700,15970.0,1017.32,498,2,508.66
2701,12652.0,1017.03,536,2,508.515
2702,13641.0,1016.47,1098,5,203.294
2703,16898.0,1016.37,805,5,203.274
2704,17299.0,1016.08,934,6,169.34666666666666
2705,13333.0,1015.74,685,3,338.58
2706,17860.0,1015.54,817,4,253.885
2707,13867.0,1015.29,513,3,338.43
2708,16623.0,1015.24,442,4,253.81
2709,14355.0,1014.45,709,3,338.15000000000003
2710,14953.0,1013.77,1028,4,253.4425
2711,12410.0,1013.71,341,3,337.90333333333336
2712,13466.0,1013.35,660,5,202.67000000000002
2713,12642.0,1013.26,552,3,337.75333333333333
2714,15951.0,1013.17,420,3,337.7233333333333
2715,16451.0,1013.15,524,3,337.71666666666664
2716,15025.0,1013.09,515,2,506.545
2717,17197.0,1013.01,191,1,1013.01
2718,16435.0,1011.5699999999999,609,3,337.19
2719,15713.0,1010.79,510,4,252.6975
2720,13039.0,1010.73,290,4,252.6825
2721,16572.0,1009.6,532,3,336.53333333333336
2722,12862.0,1008.3199999999999,613,2,504.15999999999997
2723,14510.0,1007.28,821,3,335.76
2724,16287.0,1006.98,1426,5,201.39600000000002
2725,13429.0,1006.8,1390,4,251.7
2726,13238.0,1006.63,442,6,167.77166666666668
2727,15771.0,1006.54,512,3,335.5133333333333
2728,13427.0,1006.53,880,6,167.755
2729,12703.0,1006.53,595,4,251.6325
2730,13549.0,1005.8,554,8,125.725
2731,17329.0,1004.4300000000001,432,5,200.88600000000002
2732,14214.0,1004.38,751,5,200.876
2733,15363.0,1004.11,527,2,502.055
2734,18160.0,1003.88,519,3,334.62666666666667
2735,17987.0,1003.64,1015,5,200.728
2736,14157.0,1002.78,540,5,200.55599999999998
2737,12446.0,1002.3100000000001,352,1,1002.3100000000001
2738,17237.0,1002.08,415,4,250.52
2739,16535.0,1001.59,685,3,333.86333333333334
2740,16122.0,1001.34,1398,6,166.89000000000001
2741,13857.0,1001.01,782,6,166.835
2742,17464.0,1000.94,652,3,333.6466666666667
2743,14255.0,1000.63,1,1,1000.63
2744,12545.0,1000.39,523,2,500.195
2745,15508.0,1000.27,440,6,166.71166666666667
2746,18143.0,1000.16,570,2,500.08
2747,13005.0,999.68,462,4,249.92
2748,12413.0,999.45,319,4,249.8625
2749,17205.0,999.35,2214,3,333.1166666666667
2750,16863.0,998.52,745,3,332.84
2751,17631.0,998.49,591,7,142.64142857142858
2752,18006.0,997.86,403,4,249.465
2753,12722.0,997.63,566,4,249.4075
2754,13965.0,996.61,425,3,332.2033333333333
2755,17883.0,995.85,481,7,142.2642857142857
2756,16699.0,994.6,640,7,142.0857142857143
2757,13292.0,994.51,530,5,198.902
2758,16009.0,992.71,378,4,248.1775
2759,14223.0,991.13,585,3,330.37666666666667
2760,13559.0,990.0,360,2,495.0
2761,13245.0,989.22,371,2,494.61
2762,15973.0,988.44,301,3,329.48
2763,15176.0,988.04,448,1,988.04
2764,16130.0,987.48,296,4,246.87
2765,18237.0,987.1,622,5,197.42000000000002
2766,16376.0,987.01,694,2,493.505
2767,16661.0,986.63,385,4,246.6575
2768,13439.0,986.61,952,3,328.87
2769,16254.0,985.14,549,3,328.38
2770,17144.0,984.57,483,2,492.285
2771,14142.0,983.15,831,2,491.575
2772,15109.0,983.1,258,3,327.7
2773,14138.0,982.3800000000001,610,2,491.19000000000005
2774,12541.0,981.18,680,3,327.06
2775,12543.0,980.25,688,1,980.25
2776,14230.0,979.8000000000001,246,3,326.6
2777,17369.0,979.1999999999999,1152,1,979.1999999999999
2778,13350.0,979.12,287,2,489.56
2779,17221.0,978.52,715,5,195.704
2780,15132.0,977.9300000000001,679,5,195.586
2781,14454.0,977.3,400,5,195.45999999999998
2782,17123.0,977.17,676,3,325.7233333333333
2783,15247.0,976.06,514,3,325.3533333333333
2784,15406.0,975.87,547,4,243.9675
2785,15165.0,975.5,320,1,975.5
2786,15646.0,974.61,1051,5,194.922
2787,15449.0,974.52,812,3,324.84
2788,12994.0,974.4200000000001,459,3,324.8066666666667
2789,17958.0,973.88,284,2,486.94
2790,12525.0,973.73,509,3,324.57666666666665
2791,14350.0,972.03,543,3,324.01
2792,17100.0,971.74,800,2,485.87
2793,15208.0,970.52,356,6,161.75333333333333
2794,13223.0,969.1200000000001,568,6,161.52
2795,15907.0,967.45,509,3,322.48333333333335
2796,13204.0,966.6600000000001,428,1,966.6600000000001
2797,15084.0,965.2,600,2,482.6
2798,12550.0,964.83,569,1,964.83
2799,16763.0,964.6999999999999,492,2,482.34999999999997
2800,17081.0,964.39,389,6,160.73166666666665
2801,15268.0,961.9000000000001,428,3,320.6333333333334
2802,15156.0,961.49,597,3,320.49666666666667
2803,17544.0,960.69,439,3,320.23
2804,14994.0,960.63,577,5,192.126
2805,16518.0,959.37,524,4,239.8425
2806,14629.0,959.01,380,2,479.505
2807,14437.0,958.84,486,5,191.768
2808,12588.0,958.78,438,4,239.695
2809,12675.0,958.5,337,2,479.25
2810,18192.0,957.97,339,1,957.97
2811,14958.0,957.9399999999999,249,6,159.65666666666667
2812,17189.0,957.63,604,5,191.526
2813,12697.0,957.59,508,3,319.19666666666666
2814,17298.0,957.5600000000001,854,5,191.512
2815,17516.0,957.55,527,6,159.59166666666667
2816,17080.0,957.53,569,7,136.79
2817,17172.0,956.5699999999999,1215,3,318.8566666666666
2818,16141.0,955.94,410,2,477.97
2819,12990.0,955.5,480,7,136.5
2820,16947.0,955.21,655,5,191.042
2821,12505.0,955.2,324,1,955.2
2822,15430.0,954.75,309,2,477.375
2823,15835.0,954.09,439,4,238.5225
2824,18001.0,953.84,893,6,158.97333333333333
2825,12414.0,952.41,495,6,158.73499999999999
2826,14615.0,951.76,495,5,190.352
2827,17955.0,949.9,681,6,158.31666666666666
2828,12767.0,949.82,598,1,949.82
2829,13046.0,949.25,505,3,316.4166666666667
2830,13636.0,949.12,592,5,189.824
2831,15177.0,948.93,485,1,948.93
2832,12822.0,948.88,550,2,474.44
2833,12874.0,948.42,623,2,474.21
2834,15787.0,948.05,540,3,316.01666666666665
2835,15723.0,947.65,444,4,236.9125
2836,12355.0,947.61,543,2,473.805
2837,16362.0,946.94,478,6,157.82333333333335
2838,16136.0,946.8,674,4,236.7
2839,16861.0,946.59,616,5,189.318
2840,17356.0,946.47,925,5,189.294
2841,16146.0,946.38,544,4,236.595
2842,17604.0,945.9300000000001,616,6,157.655
2843,15707.0,945.58,605,4,236.395
2844,18217.0,945.04,740,4,236.26
2845,16204.0,944.24,686,3,314.74666666666667
2846,13261.0,944.1,210,2,472.05
2847,16199.0,942.75,321,7,134.67857142857142
2848,12942.0,942.65,272,3,314.21666666666664
2849,15385.0,942.08,428,3,314.0266666666667
2850,18156.0,941.1700000000001,374,2,470.58500000000004
2851,14326.0,940.98,572,3,313.66
2852,17363.0,940.86,523,3,313.62
2853,13416.0,940.8000000000001,208,3,313.6
2854,15576.0,940.6700000000001,404,1,940.6700000000001
2855,15107.0,940.35,357,9,104.48333333333333
2856,13936.0,939.66,661,3,313.21999999999997
2857,16109.0,939.48,1092,3,313.16
2858,17527.0,939.37,488,4,234.8425
2859,14605.0,937.16,424,4,234.29
2860,17020.0,935.62,860,2,467.81
2861,17472.0,935.1,558,4,233.775
2862,14140.0,935.05,811,2,467.525
2863,16781.0,934.25,305,2,467.125
2864,15792.0,933.84,606,2,466.92
2865,16657.0,933.62,1229,4,233.405
2866,18154.0,932.6,626,5,186.52
2867,18133.0,931.4999999999999,1350,1,931.4999999999999
2868,12396.0,931.43,591,1,931.43
2869,13465.0,931.12,584,2,465.56
2870,14924.0,931.01,312,3,310.33666666666664
2871,15957.0,930.1,458,3,310.03333333333336
2872,16034.0,928.72,597,6,154.78666666666666
2873,14338.0,928.1,622,3,309.3666666666667
2874,13288.0,927.61,379,5,185.522
2875,15243.0,927.2800000000001,543,2,463.64000000000004
2876,17805.0,927.03,1126,2,463.515
2877,16975.0,926.12,586,3,308.70666666666665
2878,12745.0,925.41,468,3,308.46999999999997
2879,13805.0,924.6,1900,2,462.3
2880,17864.0,924.32,1121,5,184.864
2881,14128.0,924.21,814,3,308.07
2882,17143.0,924.11,330,2,462.055
2883,16643.0,923.11,553,2,461.555
2884,13034.0,922.68,522,3,307.56
2885,17322.0,922.59,631,5,184.518
2886,15654.0,922.53,475,2,461.265
2887,13122.0,922.39,585,2,461.195
2888,13934.0,922.1,390,1,922.1
2889,12638.0,921.49,663,2,460.745
2890,14272.0,920.81,1097,4,230.2025
2891,12998.0,920.08,1124,3,306.6933333333333
2892,14568.0,919.7,645,1,919.7
2893,13075.0,919.61,485,1,919.61
2894,13872.0,919.57,339,3,306.52333333333337
2895,15304.0,919.5500000000001,133,9,102.17222222222223
2896,17760.0,918.93,696,6,153.155
2897,16387.0,918.55,457,5,183.70999999999998
2898,15542.0,918.45,469,3,306.15000000000003
2899,14342.0,918.44,521,6,153.07333333333335
2900,12368.0,917.6999999999999,330,1,917.6999999999999
2901,14061.0,917.4300000000001,133,3,305.81
2902,14015.0,917.34,378,1,917.34
2903,14423.0,916.6099999999999,419,3,305.53666666666663
2904,14549.0,916.5500000000001,395,4,229.13750000000002
2905,13573.0,916.47,660,6,152.745
2906,14176.0,916.01,326,5,183.202
2907,14839.0,915.28,927,3,305.0933333333333
2908,14141.0,915.13,355,4,228.7825
2909,16216.0,914.9300000000001,254,1,914.9300000000001
2910,12940.0,913.54,411,2,456.77
2911,15364.0,913.19,493,2,456.595
2912,14359.0,912.18,371,3,304.06
2913,15244.0,912.08,472,3,304.0266666666667
2914,14289.0,911.26,292,6,151.87666666666667
2915,14133.0,911.14,398,4,227.785
2916,15919.0,910.61,787,2,455.305
2917,16138.0,910.35,774,3,303.45
2918,16411.0,910.1899999999999,543,4,227.54749999999999
2919,15511.0,909.23,271,5,181.846
2920,13548.0,908.99,565,3,302.99666666666667
2921,13038.0,908.46,360,3,302.82
2922,15097.0,908.35,424,3,302.78333333333336
2923,14729.0,907.38,574,3,302.46
2924,14714.0,906.24,642,4,226.56
2925,14969.0,906.23,665,1,906.23
2926,12808.0,906.1,375,5,181.22
2927,13255.0,904.46,517,3,301.4866666666667
2928,15180.0,904.4300000000001,690,3,301.4766666666667
2929,17746.0,904.1800000000001,688,4,226.04500000000002
2930,17176.0,902.3199999999999,576,3,300.7733333333333
2931,17382.0,902.28,457,8,112.785
2932,17480.0,902.03,593,2,451.015
2933,17566.0,901.21,518,2,450.605
2934,15900.0,900.4,661,4,225.1
2935,17226.0,900.12,855,3,300.04
2936,12945.0,900.11,446,2,450.055
2937,16442.0,899.47,583,5,179.894
2938,16834.0,898.96,760,2,449.48
2939,15710.0,898.87,641,1,898.87
2940,17537.0,897.62,700,2,448.81
2941,16361.0,896.66,421,4,224.165
2942,15992.0,896.6,514,3,298.8666666666667
2943,16784.0,896.53,496,5,179.30599999999998
2944,13996.0,895.76,613,2,447.88
2945,13569.0,893.78,402,4,223.445
2946,15066.0,893.59,317,1,893.59
2947,12772.0,892.47,556,1,892.47
2948,17155.0,892.46,987,7,127.49428571428572
2949,15393.0,891.34,378,5,178.268
2950,14065.0,891.02,582,3,297.00666666666666
2951,15824.0,890.94,478,2,445.47
2952,16228.0,890.8100000000001,561,3,296.93666666666667
2953,17968.0,888.04,525,4,222.01
2954,17708.0,887.9300000000001,388,4,221.98250000000002
2955,16900.0,887.11,833,3,295.7033333333333
2956,14686.0,885.83,475,5,177.166
2957,17704.0,885.19,343,2,442.595
2958,13166.0,884.18,527,2,442.09
2959,18141.0,882.47,433,2,441.235
2960,12680.0,880.81,444,4,220.2025
2961,17361.0,880.64,383,5,176.128
2962,16677.0,880.62,457,2,440.31
2963,13937.0,880.13,587,2,440.065
2964,14551.0,880.04,487,7,125.72
2965,14612.0,877.7,134,1,877.7
2966,15653.0,877.4399999999999,1200,2,438.71999999999997
2967,14645.0,876.89,587,3,292.2966666666667
2968,13768.0,875.97,373,2,437.985
2969,18043.0,875.97,454,3,291.99
2970,14681.0,875.1500000000001,172,6,145.85833333333335
2971,14508.0,874.94,359,5,174.988
2972,16513.0,874.59,407,4,218.6475
2973,15469.0,874.25,287,3,291.4166666666667
2974,17223.0,873.53,222,3,291.1766666666667
2975,15224.0,871.36,443,5,174.272
2976,13200.0,870.09,516,4,217.5225
2977,14753.0,869.51,412,2,434.755
2978,16948.0,868.77,2091,7,124.11
2979,16357.0,868.37,389,4,217.0925
2980,17167.0,867.11,429,3,289.0366666666667
2981,17358.0,866.05,442,5,173.20999999999998
2982,16567.0,865.6,996,2,432.8
2983,13922.0,865.2,467,3,288.40000000000003
2984,14600.0,865.1700000000001,487,2,432.58500000000004
2985,13891.0,863.5600000000001,479,3,287.85333333333335
2986,15870.0,862.61,508,4,215.6525
2987,16668.0,862.42,773,13,66.34
2988,15483.0,862.2,944,10,86.22
2989,12787.0,862.18,510,4,215.545
2990,15012.0,860.62,479,3,286.87333333333333
2991,12794.0,860.41,592,2,430.205
2992,13339.0,860.12,326,1,860.12
2993,14372.0,860.08,378,2,430.04
2994,17064.0,859.35,318,3,286.45
2995,12440.0,859.2,331,2,429.6
2996,15287.0,856.03,1010,5,171.206
2997,17161.0,856.01,537,1,856.01
2998,13991.0,855.97,998,6,142.66166666666666
2999,12878.0,854.99,547,2,427.495
3000,13945.0,854.15,413,2,427.075
3001,14873.0,854.13,311,2,427.065
3002,16877.0,853.72,463,6,142.28666666666666
3003,17349.0,852.25,840,5,170.45
3004,15266.0,852.21,236,5,170.442
3005,16070.0,852.15,457,2,426.075
3006,12696.0,851.91,564,2,425.955
3007,17674.0,851.7,1021,2,425.85
3008,13479.0,851.37,716,4,212.8425
3009,16020.0,851.01,487,3,283.67
3010,18108.0,848.8100000000001,261,3,282.93666666666667
3011,16798.0,848.71,209,3,282.90333333333336
3012,12713.0,848.55,508,1,848.55
3013,15264.0,848.4,443,2,424.2
3014,15784.0,848.3299999999999,381,2,424.16499999999996
3015,14202.0,847.76,166,3,282.58666666666664
3016,13221.0,847.41,244,2,423.705
3017,13487.0,846.87,362,5,169.374
3018,16924.0,846.75,493,3,282.25
3019,13970.0,846.55,469,2,423.275
3020,14087.0,846.22,727,3,282.0733333333333
3021,14803.0,845.55,370,3,281.84999999999997
3022,18078.0,844.6,431,4,211.15
3023,16500.0,843.9100000000001,386,9,93.76777777777778
3024,14922.0,843.74,376,2,421.87
3025,15070.0,843.25,383,3,281.0833333333333
3026,16344.0,842.42,706,4,210.605
3027,16846.0,842.41,517,3,280.80333333333334
3028,17638.0,842.4,432,2,421.2
3029,16810.0,842.0400000000001,372,2,421.02000000000004
3030,14862.0,841.1999999999999,772,2,420.59999999999997
3031,12891.0,840.5,2325,11,76.4090909090909
3032,13169.0,840.08,296,3,280.0266666666667
3033,18247.0,839.73,335,3,279.91
3034,13940.0,839.14,516,4,209.785
3035,17332.0,838.27,794,5,167.654
3036,16264.0,837.53,632,2,418.765
3037,14037.0,836.95,590,6,139.49166666666667
3038,15832.0,836.79,465,1,836.79
3039,14929.0,836.69,487,2,418.345
3040,13795.0,836.3,1250,4,209.075
3041,16747.0,836.06,583,2,418.03
3042,13386.0,835.46,514,2,417.73
3043,14556.0,835.34,331,3,278.44666666666666
3044,16737.0,835.1999999999999,576,2,417.59999999999997
3045,15190.0,834.4399999999999,790,1,834.4399999999999
3046,16644.0,833.78,826,2,416.89
3047,12903.0,833.53,493,1,833.53
3048,13175.0,831.45,423,2,415.725
3049,15766.0,831.06,334,3,277.02
3050,15759.0,830.9300000000001,523,7,118.70428571428572
3051,17003.0,830.16,495,4,207.54
3052,14851.0,829.4100000000001,631,3,276.47
3053,12730.0,829.25,234,1,829.25
3054,13544.0,829.0,358,6,138.16666666666666
3055,16469.0,828.91,345,5,165.78199999999998
3056,12953.0,828.8100000000001,364,2,414.40500000000003
3057,15617.0,828.5500000000001,485,3,276.18333333333334
3058,13681.0,827.83,360,4,206.9575
3059,17045.0,827.6800000000001,294,5,165.536
3060,15945.0,827.27,397,4,206.8175
3061,16246.0,827.25,338,2,413.625
3062,12792.0,827.01,394,2,413.505
3063,12461.0,826.88,287,2,413.44
3064,12781.0,826.74,671,2,413.37
3065,16494.0,826.53,675,1,826.53
3066,16869.0,825.42,585,4,206.355
3067,15006.0,825.14,416,2,412.57
3068,17880.0,824.9200000000001,466,3,274.97333333333336
3069,13513.0,824.59,364,3,274.86333333333334
3070,14260.0,824.28,544,3,274.76
3071,15137.0,823.4,596,2,411.7
3072,15847.0,822.57,643,5,164.514
3073,16164.0,822.48,433,3,274.16
3074,16680.0,821.45,377,3,273.81666666666666
3075,13893.0,821.1,190,1,821.1
3076,15314.0,820.4499999999999,750,3,273.4833333333333
3077,17952.0,819.61,504,4,204.9025
3078,16135.0,819.45,395,2,409.725
3079,17683.0,819.01,781,3,273.00333333333333
3080,13612.0,818.29,444,1,818.29
3081,13595.0,818.22,353,3,272.74
3082,14890.0,817.25,636,3,272.4166666666667
3083,14872.0,816.6,662,3,272.2
3084,13514.0,815.9000000000001,288,4,203.97500000000002
3085,15399.0,815.77,611,3,271.92333333333335
3086,16460.0,814.72,879,3,271.5733333333333
3087,14656.0,814.65,318,5,162.93
3088,13811.0,814.5,68,3,271.5
3089,12763.0,814.16,512,2,407.08
3090,14624.0,814.07,645,6,135.67833333333334
3091,16658.0,814.07,317,6,135.67833333333334
3092,16621.0,813.48,302,4,203.37
3093,15644.0,813.0,557,4,203.25
3094,18084.0,812.93,761,3,270.97666666666663
3095,17194.0,812.5,420,3,270.8333333333333
3096,17251.0,812.4300000000001,379,3,270.81
3097,16624.0,810.5699999999999,488,2,405.28499999999997
3098,13637.0,810.5,409,3,270.1666666666667
3099,16958.0,809.44,561,1,809.44
3100,13045.0,808.92,405,3,269.64
3101,17114.0,808.62,219,8,101.0775
3102,17817.0,807.85,365,6,134.64166666666668
3103,15533.0,807.57,289,3,269.19
3104,17495.0,806.72,367,3,268.9066666666667
3105,15952.0,806.57,399,4,201.6425
3106,12797.0,806.11,333,2,403.055
3107,12632.0,804.88,694,2,402.44
3108,18248.0,804.02,511,2,402.01
3109,15921.0,802.11,342,4,200.5275
3110,15831.0,801.76,1105,3,267.25333333333333
3111,18265.0,801.51,311,2,400.755
3112,16806.0,801.49,378,4,200.3725
3113,16127.0,801.31,391,2,400.655
3114,13415.0,800.67,502,4,200.1675
3115,17023.0,800.18,530,3,266.72666666666663
3116,13980.0,799.92,477,5,159.98399999999998
3117,13720.0,799.9,501,4,199.975
3118,17255.0,799.13,594,4,199.7825
3119,13041.0,799.13,335,4,199.7825
3120,16952.0,798.78,344,5,159.756
3121,16438.0,798.35,463,5,159.67000000000002
3122,17801.0,798.3299999999999,838,3,266.10999999999996
3123,15309.0,797.96,440,4,199.49
3124,13389.0,797.96,429,3,265.9866666666667
3125,17281.0,797.8499999999999,295,6,132.975
3126,15637.0,797.59,651,5,159.518
3127,16155.0,796.9,495,5,159.38
3128,15396.0,796.38,278,2,398.19
3129,15872.0,795.68,506,4,198.92
3130,16720.0,795.48,479,3,265.16
3131,13336.0,795.12,559,1,795.12
3132,16961.0,794.56,482,3,264.8533333333333
3133,17212.0,794.41,727,3,264.80333333333334
3134,14690.0,794.33,344,4,198.5825
3135,18034.0,793.7,992,3,264.56666666666666
3136,16679.0,793.06,276,3,264.3533333333333
3137,13296.0,792.51,653,6,132.085
3138,14022.0,792.15,681,2,396.075
3139,16250.0,791.38,376,3,263.79333333333335
3140,14976.0,790.86,234,7,112.98
3141,13484.0,790.72,224,3,263.5733333333333
3142,13016.0,789.89,527,3,263.2966666666667
3143,12923.0,789.87,237,3,263.29
3144,16759.0,789.79,609,3,263.2633333333333
3145,16472.0,789.6,252,2,394.8
3146,13598.0,789.59,401,5,157.918
3147,15448.0,788.81,487,2,394.405
3148,14557.0,788.38,510,1,788.38
3149,13212.0,788.08,310,3,262.6933333333333
3150,14513.0,788.01,593,6,131.335
3151,13323.0,787.85,175,5,157.57
3152,16468.0,787.52,371,3,262.50666666666666
3153,14463.0,786.5699999999999,210,4,196.64249999999998
3154,12628.0,786.46,448,3,262.15333333333336
3155,16739.0,786.43,391,2,393.215
3156,16972.0,786.25,190,2,393.125
3157,13770.0,785.37,468,4,196.3425
3158,13541.0,785.25,279,2,392.625
3159,15714.0,784.8100000000001,362,5,156.96200000000002
3160,15806.0,784.58,602,3,261.5266666666667
3161,15743.0,784.46,216,4,196.115
3162,17387.0,784.11,542,2,392.055
3163,12761.0,782.95,281,2,391.475
3164,16836.0,782.37,539,4,195.5925
3165,13453.0,781.6899999999999,341,3,260.56333333333333
3166,13287.0,781.59,429,3,260.53000000000003
3167,15679.0,781.28,1170,4,195.32
3168,15239.0,780.59,594,2,390.295
3169,13502.0,780.5,490,5,156.1
3170,15246.0,780.4,359,3,260.1333333333333
3171,17691.0,780.0500000000001,373,4,195.01250000000002
3172,18228.0,779.9,238,2,389.95
3173,12735.0,779.5699999999999,368,2,389.78499999999997
3174,12504.0,779.05,458,4,194.7625
3175,13781.0,778.83,300,3,259.61
3176,14815.0,778.5,744,2,389.25
3177,17482.0,778.19,241,2,389.095
3178,16505.0,777.6,576,1,777.6
3179,13563.0,777.53,209,2,388.765
3180,13745.0,777.36,1146,2,388.68
3181,15837.0,777.01,405,2,388.505
3182,15794.0,777.0,288,2,388.5
3183,15618.0,776.851,454,4,194.21275
3184,14997.0,776.5999999999999,1408,4,194.14999999999998
3185,15092.0,776.46,230,3,258.82
3186,18112.0,775.96,447,4,193.99
3187,13314.0,775.94,560,3,258.6466666666667
3188,13341.0,775.85,301,1,775.85
3189,14234.0,775.46,963,4,193.865
3190,16447.0,775.14,323,3,258.38
3191,15414.0,774.9000000000001,443,3,258.3
3192,17889.0,774.87,417,7,110.69571428571429
3193,15773.0,774.52,410,2,387.26
3194,18058.0,774.06,394,3,258.02
3195,14838.0,773.6700000000001,362,2,386.83500000000004
3196,16565.0,773.05,211,4,193.2625
3197,15075.0,773.03,447,1,773.03
3198,14247.0,772.66,382,5,154.53199999999998
3199,12965.0,771.91,283,1,771.91
3200,14104.0,771.5799999999999,509,5,154.31599999999997
3201,14998.0,770.73,367,4,192.6825
3202,14413.0,770.37,280,4,192.5925
3203,15988.0,770.09,486,3,256.69666666666666
3204,16480.0,769.29,455,1,769.29
3205,16978.0,768.88,285,3,256.29333333333335
3206,13356.0,768.24,325,1,768.24
3207,15331.0,767.91,701,3,255.97
3208,13712.0,766.42,1128,2,383.21
3209,12991.0,764.82,483,3,254.94000000000003
3210,15908.0,764.57,174,2,382.285
3211,13699.0,764.15,219,2,382.075
3212,16602.0,763.33,429,2,381.665
3213,17466.0,763.28,306,2,381.64
3214,16392.0,763.05,609,3,254.35
3215,15428.0,762.75,347,4,190.6875
3216,16892.0,762.1,370,7,108.87142857142858
3217,14883.0,761.59,790,6,126.93166666666667
3218,17425.0,759.17,407,2,379.585
3219,18246.0,758.8199999999999,214,3,252.93999999999997
3220,15568.0,758.29,461,3,252.76333333333332
3221,17979.0,757.71,397,4,189.4275
3222,17461.0,757.46,799,3,252.48666666666668
3223,16262.0,755.15,446,1,755.15
3224,18104.0,754.64,362,1,754.64
3225,17141.0,754.33,436,4,188.5825
3226,17579.0,753.28,375,4,188.32
3227,13730.0,752.6,488,2,376.3
3228,13070.0,751.7,372,4,187.925
3229,14923.0,749.1,418,1,749.1
3230,14048.0,748.69,467,3,249.56333333333336
3231,15656.0,748.5,343,4,187.125
3232,14942.0,746.56,354,4,186.64
3233,14050.0,746.36,689,2,373.18
3234,16465.0,746.24,504,2,373.12
3235,18190.0,745.62,490,5,149.124
3236,14228.0,745.5,260,3,248.5
3237,13950.0,745.06,323,4,186.265
3238,13236.0,744.85,416,2,372.425
3239,12871.0,744.02,484,3,248.00666666666666
3240,13354.0,743.53,604,1,743.53
3241,13713.0,743.26,286,3,247.75333333333333
3242,17038.0,743.17,535,2,371.585
3243,16730.0,743.11,994,3,247.70333333333335
3244,15420.0,743.0,844,6,123.83333333333333
3245,14302.0,742.9000000000001,298,3,247.63333333333335
3246,17005.0,742.36,787,2,371.18
3247,12465.0,742.1899999999999,479,2,371.09499999999997
3248,15720.0,741.92,329,2,370.96
3249,18275.0,741.85,417,2,370.925
3250,13721.0,741.54,512,2,370.77
3251,12603.0,739.1999999999999,64,1,739.1999999999999
3252,15922.0,739.0,276,1,739.0
3253,15462.0,737.05,495,4,184.2625
3254,16075.0,736.9300000000001,271,2,368.46500000000003
3255,13780.0,735.82,481,3,245.27333333333334
3256,15045.0,735.66,114,2,367.83
3257,12527.0,735.51,526,5,147.102
3258,17430.0,735.17,515,4,183.7925
3259,13286.0,734.91,274,1,734.91
3260,15938.0,734.81,449,9,81.64555555555555
3261,17756.0,733.7,400,3,244.5666666666667
3262,17964.0,733.46,496,2,366.73
3263,17615.0,733.2,386,6,122.2
3264,12537.0,732.94,449,1,732.94
3265,13575.0,732.0699999999999,449,5,146.414
3266,17825.0,731.96,540,4,182.99
3267,17548.0,731.26,494,4,182.815
3268,17681.0,731.2,450,5,146.24
3269,17999.0,730.9,395,3,243.63333333333333
3270,14778.0,730.86,306,2,365.43
3271,13921.0,730.7,210,4,182.675
3272,17834.0,730.47,687,2,365.235
3273,13452.0,729.8,6,3,243.26666666666665
3274,12925.0,729.3299999999999,649,3,243.10999999999999
3275,18163.0,728.84,452,1,728.84
3276,12786.0,728.5,324,1,728.5
3277,17547.0,727.85,223,2,363.925
3278,17374.0,727.11,155,3,242.37
3279,12519.0,726.54,395,2,363.27
3280,12723.0,725.07,434,5,145.014
3281,18187.0,724.89,310,1,724.89
3282,13729.0,724.73,419,3,241.57666666666668
3283,14798.0,724.31,601,8,90.53875
3284,17572.0,723.01,351,10,72.301
3285,15368.0,722.74,406,2,361.37
3286,13264.0,722.5600000000001,375,1,722.5600000000001
3287,17561.0,722.34,396,4,180.585
3288,13057.0,722.09,466,3,240.6966666666667
3289,13441.0,720.9,520,2,360.45
3290,16023.0,719.81,358,3,239.93666666666664
3291,14179.0,719.78,330,2,359.89
3292,16415.0,719.44,527,3,239.81333333333336
3293,13537.0,717.85,337,2,358.925
3294,13604.0,717.62,242,1,717.62
3295,16269.0,717.57,579,1,717.57
3296,12573.0,717.41,479,5,143.482
3297,12890.0,717.27,466,2,358.635
3298,16526.0,717.21,279,2,358.605
3299,15274.0,716.57,619,2,358.285
3300,12535.0,716.35,219,2,358.175
3301,16274.0,715.9,310,1,715.9
3302,12492.0,715.21,444,3,238.40333333333334
3303,15330.0,714.96,1312,2,357.48
3304,17051.0,714.39,513,4,178.5975
3305,13512.0,713.39,419,4,178.3475
3306,14026.0,713.11,427,2,356.555
3307,13147.0,712.8000000000001,144,4,178.20000000000002
3308,17761.0,712.78,398,1,712.78
3309,14470.0,712.04,282,3,237.34666666666666
3310,15127.0,711.5,464,2,355.75
3311,16885.0,710.74,376,4,177.685
3312,13103.0,709.64,426,3,236.54666666666665
3313,13927.0,708.26,463,2,354.13
3314,12485.0,708.1,414,1,708.1
3315,14398.0,707.79,267,2,353.895
3316,16449.0,707.69,367,2,353.845
3317,12453.0,707.09,473,1,707.09
3318,13626.0,707.04,398,2,353.52
3319,16364.0,707.04,280,2,353.52
3320,16309.0,706.57,467,2,353.285
3321,17976.0,706.38,212,1,706.38
3322,14880.0,706.19,373,3,235.39666666666668
3323,16015.0,705.39,909,3,235.13
3324,16882.0,705.12,424,3,235.04
3325,12612.0,704.0400000000001,262,1,704.0400000000001
3326,12883.0,703.47,196,4,175.8675
3327,18082.0,703.37,621,1,703.37
3328,15103.0,703.36,329,2,351.68
3329,15901.0,703.22,702,7,100.46000000000001
3330,14699.0,702.6,484,4,175.65
3331,16997.0,702.0,360,3,234.0
3332,14324.0,701.61,402,2,350.805
3333,13833.0,701.36,244,2,350.68
3334,14356.0,701.23,277,2,350.615
3335,17163.0,699.78,531,4,174.945
3336,13242.0,699.4,350,7,99.91428571428571
3337,16018.0,698.13,503,4,174.5325
3338,15053.0,697.79,986,3,232.59666666666666
3339,14497.0,697.0600000000001,332,2,348.53000000000003
3340,13596.0,697.04,406,2,348.52
3341,15700.0,696.68,357,2,348.34
3342,15995.0,696.19,353,1,696.19
3343,16704.0,695.66,455,2,347.83
3344,14959.0,695.42,494,4,173.855
3345,13101.0,695.4,478,4,173.85
3346,14111.0,692.85,458,4,173.2125
3347,17733.0,692.19,463,2,346.095
3348,12817.0,690.98,219,3,230.32666666666668
3349,15184.0,689.95,486,4,172.4875
3350,16545.0,689.82,322,2,344.91
3351,17502.0,689.1,376,4,172.275
3352,15361.0,689.07,373,4,172.2675
3353,12837.0,688.41,209,2,344.205
3354,12450.0,688.2,442,5,137.64000000000001
3355,18017.0,688.0,400,4,172.0
3356,17962.0,687.42,651,4,171.855
3357,16343.0,687.0699999999999,422,3,229.0233333333333
3358,14809.0,686.76,232,2,343.38
3359,15880.0,686.5600000000001,422,1,686.5600000000001
3360,13898.0,686.4,544,2,343.2
3361,16824.0,686.24,390,3,228.74666666666667
3362,17935.0,686.14,244,7,98.02
3363,12658.0,686.05,320,1,686.05
3364,15257.0,685.9,71,2,342.95
3365,15219.0,685.45,271,2,342.725
3366,18123.0,684.59,629,3,228.1966666666667
3367,13585.0,684.54,1386,3,228.17999999999998
3368,16495.0,684.41,337,3,228.13666666666666
3369,15669.0,684.34,342,4,171.085
3370,16601.0,684.25,395,3,228.08333333333334
3371,15207.0,683.9200000000001,428,3,227.97333333333336
3372,17874.0,683.46,221,6,113.91000000000001
3373,14222.0,683.17,607,1,683.17
3374,15582.0,682.9100000000001,453,3,227.63666666666668
3375,13987.0,682.54,492,2,341.27
3376,12601.0,681.26,290,6,113.54333333333334
3377,12478.0,680.99,236,1,680.99
3378,18271.0,680.85,319,2,340.425
3379,13524.0,680.1800000000001,324,5,136.036
3380,13809.0,679.7,281,3,226.5666666666667
3381,13430.0,679.45,751,2,339.725
3382,14151.0,679.45,405,2,339.725
3383,14563.0,679.44,335,2,339.72
3384,17782.0,679.02,538,2,339.51
3385,16646.0,678.8,1072,1,678.8
3386,14182.0,678.77,174,4,169.6925
3387,13925.0,678.25,331,4,169.5625
3388,13974.0,677.72,356,2,338.86
3389,13040.0,676.99,355,2,338.495
3390,17462.0,675.69,227,2,337.845
3391,13325.0,675.3,240,1,675.3
3392,13355.0,674.7,314,1,674.7
3393,13951.0,674.45,459,3,224.8166666666667
3394,15562.0,673.3800000000001,561,3,224.46000000000004
3395,14504.0,673.26,308,4,168.315
3396,18121.0,673.1,450,2,336.55
3397,16648.0,672.8,503,3,224.26666666666665
3398,16226.0,672.1700000000001,521,5,134.43400000000003
3399,17011.0,671.7,792,3,223.9
3400,17709.0,671.01,295,5,134.202
3401,13398.0,670.34,341,2,335.17
3402,17418.0,670.0600000000001,521,3,223.35333333333335
3403,13741.0,668.4300000000001,218,3,222.81000000000003
3404,16268.0,667.65,533,2,333.825
3405,13217.0,666.48,512,4,166.62
3406,17777.0,665.86,507,3,221.95333333333335
3407,17105.0,665.78,693,2,332.89
3408,14452.0,665.59,289,4,166.3975
3409,16056.0,664.85,347,1,664.85
3410,16132.0,664.1999999999999,280,2,332.09999999999997
3411,15643.0,664.0,246,3,221.33333333333334
3412,14720.0,663.81,219,3,221.26999999999998
3413,13474.0,663.79,334,3,221.26333333333332
3414,16573.0,663.61,360,2,331.805
3415,15350.0,663.25,323,2,331.625
3416,17852.0,663.21,376,5,132.642
3417,17371.0,662.55,283,6,110.425
3418,13864.0,662.4000000000001,192,1,662.4000000000001
3419,16862.0,662.33,513,4,165.5825
3420,14425.0,661.39,325,3,220.46333333333334
3421,13028.0,661.3199999999999,798,2,330.65999999999997
3422,12386.0,660.8,568,2,330.4
3423,16887.0,660.72,424,3,220.24
3424,13820.0,660.65,287,3,220.21666666666667
3425,17375.0,660.55,480,4,165.1375
3426,16428.0,660.28,595,3,220.09333333333333
3427,14603.0,660.0,400,1,660.0
3428,15405.0,659.84,348,2,329.92
3429,15492.0,659.4599999999999,483,2,329.72999999999996
3430,13518.0,659.4399999999999,392,1,659.4399999999999
3431,13759.0,659.4100000000001,287,2,329.70500000000004
3432,13622.0,658.95,379,1,658.95
3433,14150.0,658.64,496,2,329.32
3434,17779.0,658.57,397,3,219.52333333333334
3435,13433.0,658.3199999999999,190,4,164.57999999999998
3436,15715.0,658.02,246,5,131.60399999999998
3437,16696.0,657.9000000000001,146,4,164.47500000000002
3438,15648.0,657.35,221,2,328.675
3439,17459.0,657.3,537,2,328.65
3440,16157.0,656.69,347,3,218.89666666666668
3441,16708.0,656.63,285,1,656.63
3442,14558.0,655.5,162,3,218.5
3443,16117.0,654.4,321,3,218.13333333333333
3444,17398.0,653.38,310,3,217.79333333333332
3445,13496.0,653.33,341,2,326.665
3446,15205.0,653.24,378,2,326.62
3447,17523.0,652.74,872,4,163.185
3448,14034.0,651.8199999999999,423,3,217.2733333333333
3449,17963.0,651.51,344,4,162.8775
3450,13840.0,651.4,358,1,651.4
3451,12855.0,650.9399999999999,270,4,162.73499999999999
3452,16734.0,650.51,346,3,216.83666666666667
3453,16969.0,650.41,816,3,216.8033333333333
3454,15276.0,649.53,331,4,162.3825
3455,12844.0,648.6,223,4,162.15
3456,16412.0,647.23,311,5,129.446
3457,14024.0,645.74,238,3,215.24666666666667
3458,17380.0,645.0,252,3,215.0
3459,12719.0,644.95,374,2,322.475
3460,16185.0,644.72,321,3,214.90666666666667
3461,17312.0,644.3,372,3,214.76666666666665
3462,13237.0,643.0,128,1,643.0
3463,16431.0,642.81,453,3,214.26999999999998
3464,15297.0,641.94,292,3,213.98000000000002
3465,16399.0,641.82,456,3,213.94000000000003
3466,14537.0,641.4,228,2,320.7
3467,12365.0,641.38,174,2,320.69
3468,12624.0,641.13,355,2,320.565
3469,13318.0,640.76,304,3,213.58666666666667
3470,12538.0,640.45,336,2,320.225
3471,16368.0,640.21,317,3,213.40333333333334
3472,12880.0,640.13,279,2,320.065
3473,15183.0,639.93,297,3,213.30999999999997
3474,12734.0,639.65,265,3,213.21666666666667
3475,17998.0,639.24,561,3,213.08
3476,12699.0,638.11,373,1,638.11
3477,14664.0,637.89,466,2,318.945
3478,17134.0,637.1,148,3,212.36666666666667
3479,15829.0,636.14,996,2,318.07
3480,16534.0,635.9,168,1,635.9
3481,17334.0,635.15,566,3,211.71666666666667
3482,17985.0,634.95,183,1,634.95
3483,14594.0,634.83,331,2,317.415
3484,14365.0,634.68,557,2,317.34
3485,16330.0,634.33,327,7,90.61857142857143
3486,14219.0,633.83,363,3,211.27666666666667
3487,15666.0,632.9399999999999,469,2,316.46999999999997
3488,13540.0,632.39,189,3,210.79666666666665
3489,14237.0,632.14,276,2,316.07
3490,18183.0,632.07,371,2,316.035
3491,13822.0,632.0,611,2,316.0
3492,13444.0,631.6800000000001,337,2,315.84000000000003
3493,14381.0,631.34,453,2,315.67
3494,13706.0,631.17,301,2,315.585
3495,16193.0,630.43,379,2,315.215
3496,15016.0,630.3,247,5,126.05999999999999
3497,18101.0,629.16,250,5,125.832
3498,13525.0,628.78,394,2,314.39
3499,14283.0,628.4399999999999,550,4,157.10999999999999
3500,16158.0,628.32,182,9,69.81333333333333
3501,16022.0,628.28,261,1,628.28
3502,14455.0,628.21,719,4,157.0525
3503,13480.0,627.82,362,2,313.91
3504,14036.0,626.65,268,1,626.65
3505,17392.0,626.56,493,3,208.85333333333332
3506,13914.0,626.45,380,2,313.225
3507,14793.0,625.9,361,2,312.95
3508,16715.0,625.52,1174,2,312.76
3509,14169.0,624.4300000000001,208,2,312.21500000000003
3510,13776.0,623.98,2,2,311.99
3511,16750.0,623.93,214,5,124.78599999999999
3512,15147.0,623.5,366,1,623.5
3513,16792.0,623.46,324,5,124.69200000000001
3514,15258.0,623.16,142,2,311.58
3515,12575.0,622.8199999999999,315,2,311.40999999999997
3516,14115.0,622.6700000000001,509,2,311.33500000000004
3517,13836.0,620.37,273,2,310.185
3518,14339.0,620.27,456,2,310.135
3519,12667.0,620.13,395,1,620.13
3520,14529.0,620.04,348,3,206.67999999999998
3521,16776.0,619.85,450,2,309.925
3522,13020.0,618.96,278,2,309.48
3523,14079.0,618.73,302,2,309.365
3524,13493.0,618.63,380,2,309.315
3525,16613.0,618.59,293,1,618.59
3526,12596.0,618.27,474,2,309.135
3527,13301.0,618.09,345,4,154.5225
3528,15956.0,617.6,278,2,308.8
3529,14377.0,617.05,219,2,308.525
3530,13369.0,616.5600000000001,298,1,616.5600000000001
3531,16311.0,616.26,394,2,308.13
3532,17639.0,615.17,576,6,102.52833333333332
3533,15275.0,615.14,498,1,615.14
3534,14077.0,615.0799999999999,376,6,102.51333333333332
3535,16847.0,614.89,255,2,307.445
3536,15748.0,614.7600000000001,262,3,204.92000000000004
3537,16566.0,614.66,362,5,122.93199999999999
3538,16844.0,614.34,281,2,307.17
3539,14570.0,613.75,431,3,204.58333333333334
3540,13832.0,613.6899999999999,422,2,306.84499999999997
3541,17035.0,613.59,327,4,153.3975
3542,15362.0,613.08,368,2,306.54
3543,16116.0,612.78,248,1,612.78
3544,16178.0,612.6,304,2,306.3
3545,16589.0,612.36,536,4,153.09
3546,12513.0,612.29,462,1,612.29
3547,13008.0,612.13,379,3,204.04333333333332
3548,15232.0,612.06,686,2,306.03
3549,17209.0,611.6,731,3,203.86666666666667
3550,16922.0,611.08,281,1,611.08
3551,13731.0,610.59,278,2,305.295
3552,14636.0,609.85,241,2,304.925
3553,17325.0,609.5699999999999,465,3,203.18999999999997
3554,17707.0,609.3000000000001,546,8,76.16250000000001
3555,16675.0,608.86,296,2,304.43
3556,13933.0,608.7900000000001,205,2,304.39500000000004
3557,15018.0,607.46,210,3,202.48666666666668
3558,17473.0,607.0,270,2,303.5
3559,15717.0,607.0,224,5,121.4
3560,17119.0,606.91,334,2,303.455
3561,15158.0,606.02,219,2,303.01
3562,16590.0,605.9,240,2,302.95
3563,17507.0,605.58,359,2,302.79
3564,16780.0,605.55,355,3,201.85
3565,14323.0,605.0600000000001,350,2,302.53000000000003
3566,13558.0,605.06,344,4,151.265
3567,16321.0,604.5500000000001,259,7,86.36428571428573
3568,12944.0,604.51,289,2,302.255
3569,17270.0,604.4,421,2,302.2
3570,14611.0,604.3299999999999,582,2,302.16499999999996
3571,14417.0,604.2,567,1,604.2
3572,12556.0,603.71,358,2,301.855
3573,13106.0,603.46,231,2,301.73
3574,12707.0,603.42,256,1,603.42
3575,18264.0,603.25,241,1,603.25
3576,16445.0,602.73,299,4,150.6825
3577,16080.0,602.5600000000001,298,4,150.64000000000001
3578,17890.0,602.09,416,2,301.045
3579,14670.0,602.0,434,3,200.66666666666666
3580,12654.0,601.98,264,5,120.396
3581,14254.0,601.03,263,1,601.03
3582,12420.0,600.39,345,1,600.39
3583,17745.0,600.34,164,2,300.17
3584,18211.0,600.07,359,5,120.01400000000001
3585,17678.0,599.76,368,2,299.88
3586,12521.0,599.68,309,1,599.68
3587,14965.0,599.0,365,2,299.5
3588,14569.0,598.98,258,4,149.745
3589,13311.0,598.57,305,2,299.285
3590,17845.0,598.19,196,4,149.5475
3591,15424.0,597.78,873,3,199.26
3592,14170.0,597.33,290,3,199.11
3593,13684.0,596.98,235,4,149.245
3594,15631.0,596.67,525,1,596.67
3595,15346.0,596.12,260,3,198.70666666666668
3596,17658.0,595.42,616,2,297.71
3597,14771.0,594.62,622,2,297.31
3598,15442.0,594.0,120,1,594.0
3599,15929.0,594.0,120,1,594.0
3600,14746.0,593.5,398,4,148.375
3601,18232.0,592.97,302,4,148.2425
3602,13472.0,592.24,310,2,296.12
3603,17815.0,591.96,612,1,591.96
3604,17156.0,591.87,391,1,591.87
3605,12790.0,591.85,306,2,295.925
3606,17483.0,591.73,265,4,147.9325
3607,15524.0,591.4,28,2,295.7
3608,17098.0,591.0699999999999,125,3,197.0233333333333
3609,15160.0,589.27,307,4,147.3175
3610,15624.0,588.13,357,4,147.0325
3611,15191.0,588.05,287,3,196.01666666666665
3612,17014.0,586.33,245,3,195.44333333333336
3613,14173.0,586.0,194,6,97.66666666666667
3614,17773.0,585.27,260,2,292.635
3615,12384.0,585.27,126,2,292.635
3616,12800.0,584.25,284,3,194.75
3617,14023.0,584.07,345,2,292.035
3618,15762.0,583.75,251,2,291.875
3619,16001.0,583.39,337,1,583.39
3620,15918.0,582.88,240,3,194.29333333333332
3621,16100.0,582.64,438,1,582.64
3622,16802.0,582.61,369,2,291.305
3623,17970.0,582.59,525,1,582.59
3624,17099.0,582.17,317,1,582.17
3625,14742.0,579.85,374,1,579.85
3626,16596.0,579.63,227,4,144.9075
3627,15588.0,579.6,96,1,579.6
3628,15959.0,579.49,282,3,193.16333333333333
3629,18039.0,579.17,570,4,144.7925
3630,18262.0,577.54,552,3,192.51333333333332
3631,17274.0,577.38,273,2,288.69
3632,15830.0,576.0,415,1,576.0
3633,17557.0,575.46,310,4,143.865
3634,12859.0,575.1,292,1,575.1
3635,13262.0,573.45,247,3,191.15
3636,12879.0,573.22,370,3,191.07333333333335
3637,15415.0,572.8100000000001,575,1,572.8100000000001
3638,13424.0,572.77,529,1,572.77
3639,13379.0,572.56,601,3,190.85333333333332
3640,13179.0,572.3100000000001,368,1,572.3100000000001
3641,14053.0,572.3,490,4,143.075
3642,12816.0,572.2,128,2,286.1
3643,13816.0,571.6700000000001,269,2,285.83500000000004
3644,15920.0,571.64,240,9,63.51555555555555
3645,15198.0,571.35,327,5,114.27000000000001
3646,15691.0,571.3,212,4,142.825
3647,18053.0,571.07,409,3,190.35666666666668
3648,15821.0,570.96,202,2,285.48
3649,13190.0,570.66,308,3,190.22
3650,15315.0,570.5,862,2,285.25
3651,17122.0,570.5,368,4,142.625
3652,15857.0,570.48,584,2,285.24
3653,14592.0,570.46,415,3,190.15333333333334
3654,16667.0,570.13,237,2,285.065
3655,17433.0,569.96,305,2,284.98
3656,15169.0,569.22,356,2,284.61
3657,13406.0,568.92,292,2,284.46
3658,18244.0,568.64,856,2,284.32
3659,13321.0,567.36,372,2,283.68
3660,14208.0,567.05,529,2,283.525
3661,14986.0,566.9,342,2,283.45
3662,15627.0,566.9,344,2,283.45
3663,13998.0,566.7,204,3,188.9
3664,18150.0,566.58,332,3,188.86
3665,14716.0,565.45,752,3,188.48333333333335
3666,13894.0,564.62,354,3,188.20666666666668
3667,15344.0,563.94,116,3,187.98000000000002
3668,15143.0,563.63,320,2,281.815
3669,15597.0,563.37,393,2,281.685
3670,17665.0,563.1,690,1,563.1
3671,17195.0,562.98,486,1,562.98
3672,17265.0,562.9,394,2,281.45
3673,16111.0,562.48,236,1,562.48
3674,12559.0,561.71,283,2,280.855
3675,18127.0,561.53,252,4,140.3825
3676,17233.0,560.86,298,3,186.95333333333335
3677,15655.0,560.67,324,1,560.67
3678,15917.0,560.63,263,5,112.126
3679,17413.0,560.14,302,2,280.07
3680,15055.0,560.07,230,3,186.69000000000003
3681,14273.0,559.97,264,4,139.9925
3682,16414.0,559.71,202,5,111.94200000000001
3683,17503.0,558.96,486,2,279.48
3684,13260.0,557.62,142,1,557.62
3685,17295.0,556.95,294,3,185.65
3686,18049.0,556.52,425,2,278.26
3687,16519.0,556.26,176,4,139.065
3688,13677.0,556.1899999999999,218,2,278.09499999999997
3689,13024.0,555.87,181,2,277.935
3690,15102.0,554.67,339,2,277.335
3691,15634.0,554.65,227,2,277.325
3692,18056.0,554.6,334,2,277.3
3693,16641.0,554.5,454,2,277.25
3694,15650.0,553.88,210,2,276.94
3695,17407.0,552.9,426,1,552.9
3696,16406.0,552.68,272,3,184.22666666666666
3697,17016.0,552.4,309,1,552.4
3698,12363.0,552.0,408,2,276.0
3699,16936.0,551.17,342,2,275.585
3700,16707.0,551.11,402,4,137.7775
3701,18098.0,550.84,217,1,550.84
3702,17291.0,550.8000000000001,72,1,550.8000000000001
3703,12390.0,549.84,353,1,549.84
3704,15200.0,549.05,195,1,549.05
3705,16536.0,548.97,251,1,548.97
3706,16031.0,548.94,423,2,274.47
3707,15842.0,548.8,296,2,274.4
3708,13948.0,548.76,248,4,137.19
3709,15598.0,548.02,404,2,274.01
3710,16811.0,547.07,477,2,273.535
3711,17637.0,547.0600000000001,280,2,273.53000000000003
3712,17520.0,546.81,365,1,546.81
3713,18212.0,546.72,167,2,273.36
3714,12743.0,546.43,319,2,273.215
3715,15080.0,546.25,287,2,273.125
3716,17248.0,546.16,292,2,273.08
3717,17806.0,546.04,727,1,546.04
3718,17580.0,545.27,224,5,109.054
3719,13955.0,545.17,274,3,181.72333333333333
3720,15728.0,544.6,132,2,272.3
3721,18207.0,544.47,325,1,544.47
3722,16475.0,544.3,319,4,136.075
3723,13390.0,544.08,224,1,544.08
3724,16927.0,543.05,993,3,181.01666666666665
3725,17514.0,542.83,295,2,271.415
3726,13785.0,542.49,151,4,135.6225
3727,15675.0,542.04,624,4,135.51
3728,16230.0,542.03,365,2,271.015
3729,16060.0,541.95,243,3,180.65
3730,16647.0,541.9,396,4,135.475
3731,17447.0,541.53,443,2,270.765
3732,17643.0,541.25,297,2,270.625
3733,16576.0,540.87,323,2,270.435
3734,12819.0,540.52,344,1,540.52
3735,12958.0,539.49,131,2,269.745
3736,17524.0,539.14,362,3,179.71333333333334
3737,13812.0,539.0,333,3,179.66666666666666
3738,15539.0,538.46,410,1,538.46
3739,13961.0,538.4,226,1,538.4
3740,14539.0,537.48,428,2,268.74
3741,17269.0,537.46,336,1,537.46
3742,16804.0,536.99,246,3,178.99666666666667
3743,18140.0,536.41,395,1,536.41
3744,13207.0,535.86,178,4,133.965
3745,15890.0,535.65,119,5,107.13
3746,16142.0,535.34,422,1,535.34
3747,12988.0,535.32,136,1,535.32
3748,16935.0,535.1,278,3,178.36666666666667
3749,12810.0,534.99,389,2,267.495
3750,13807.0,534.8,152,3,178.26666666666665
3751,13385.0,534.57,281,1,534.57
3752,17443.0,534.24,504,1,534.24
3753,17436.0,534.06,178,5,106.81199999999998
3754,16785.0,533.78,313,1,533.78
3755,13594.0,533.32,396,2,266.66
3756,15433.0,533.3,534,2,266.65
3757,15756.0,532.96,242,4,133.24
3758,15825.0,532.94,220,1,532.94
3759,15659.0,532.49,161,3,177.49666666666667
3760,16021.0,532.25,297,2,266.125
3761,15115.0,531.85,245,2,265.925
3762,14940.0,531.49,384,2,265.745
3763,16583.0,531.4,264,2,265.7
3764,16706.0,531.35,249,3,177.11666666666667
3765,17765.0,530.8,197,4,132.7
3766,18159.0,530.15,139,1,530.15
3767,14002.0,529.73,877,2,264.865
3768,17458.0,529.58,282,2,264.79
3769,18191.0,529.4,332,2,264.7
3770,16413.0,528.98,284,2,264.49
3771,14616.0,527.78,170,5,105.556
3772,12479.0,527.2,385,1,527.2
3773,18011.0,527.03,198,2,263.515
3774,16421.0,526.27,123,3,175.42333333333332
3775,15467.0,524.88,310,3,174.96
3776,15683.0,524.54,332,2,262.27
3777,15891.0,524.52,442,1,524.52
3778,13277.0,523.3,382,7,74.75714285714285
3779,17712.0,522.91,215,1,522.91
3780,13605.0,522.67,425,2,261.335
3781,12956.0,521.89,340,4,130.4725
3782,15689.0,521.03,207,3,173.67666666666665
3783,14647.0,519.97,180,2,259.985
3784,13977.0,519.8100000000001,303,1,519.8100000000001
3785,12571.0,519.61,523,2,259.805
3786,12777.0,519.45,458,1,519.45
3787,14807.0,519.29,247,2,259.645
3788,12825.0,518.63,139,2,259.315
3789,13600.0,518.42,599,2,259.21
3790,13553.0,517.8,206,1,517.8
3791,17266.0,517.73,252,5,103.546
3792,12979.0,517.7,520,1,517.7
3793,12977.0,517.63,131,4,129.4075
3794,18205.0,517.36,192,2,258.68
3795,14311.0,516.45,235,2,258.225
3796,13043.0,516.42,254,1,516.42
3797,14429.0,516.28,286,1,516.28
3798,13859.0,515.86,167,2,257.93
3799,18243.0,515.78,221,1,515.78
3800,14949.0,515.0,250,4,128.75
3801,13642.0,514.72,253,4,128.68
3802,17510.0,514.56,422,2,257.28
3803,12897.0,514.25,249,4,128.5625
3804,14722.0,513.37,222,3,171.12333333333333
3805,16829.0,513.32,215,2,256.66
3806,13177.0,512.2,180,2,256.1
3807,16402.0,511.4,254,2,255.7
3808,14552.0,511.28000000000003,261,3,170.42666666666668
3809,12361.0,511.25,235,4,127.8125
3810,16561.0,511.12,244,2,255.56
3811,17110.0,510.7,142,3,170.23333333333332
3812,13367.0,510.20000000000005,253,1,510.20000000000005
3813,12904.0,509.58,302,2,254.79
3814,13710.0,509.52,336,3,169.84
3815,14008.0,509.04,326,1,509.04
3816,12436.0,509.01,211,1,509.01
3817,12907.0,508.91,177,2,254.455
3818,17391.0,508.8,480,2,254.4
3819,15417.0,508.8,284,1,508.8
3820,14317.0,508.58000000000004,255,1,508.58000000000004
3821,13067.0,508.51,131,3,169.50333333333333
3822,17276.0,508.39,189,1,508.39
3823,17335.0,508.0,216,2,254.0
3824,17415.0,507.84,114,1,507.84
3825,14158.0,507.66,781,1,507.66
3826,17384.0,507.55,121,3,169.18333333333334
3827,15721.0,507.08,409,1,507.08
3828,13885.0,506.8,182,2,253.4
3829,13123.0,506.75,268,2,253.375
3830,14968.0,504.99,258,2,252.495
3831,18203.0,504.42,113,4,126.105
3832,17630.0,503.59999999999997,158,2,251.79999999999998
3833,14954.0,503.44,219,2,251.72
3834,12376.0,503.15,240,2,251.575
3835,12419.0,503.01,231,2,251.505
3836,15138.0,502.52,300,1,502.52
3837,13865.0,501.56,204,4,125.39
3838,15881.0,501.39000000000004,260,5,100.278
3839,13116.0,501.14,291,1,501.14
3840,13247.0,501.12,328,4,125.28
3841,16616.0,500.42,370,2,250.21
3842,12366.0,500.24,296,1,500.24
3843,13428.0,499.98,366,3,166.66
3844,15193.0,499.32,144,1,499.32
3845,17256.0,498.93,299,5,99.786
3846,16488.0,498.8,728,3,166.26666666666668
3847,14171.0,498.79,211,2,249.395
3848,17608.0,498.53,539,4,124.6325
3849,17053.0,498.48,122,1,498.48
3850,16820.0,497.61,307,1,497.61
3851,17680.0,497.45,155,3,165.81666666666666
3852,17923.0,497.0,140,3,165.66666666666666
3853,12943.0,496.5,222,2,248.25
3854,15300.0,496.44,292,1,496.44
3855,15278.0,496.15999999999997,458,4,124.03999999999999
3856,16977.0,496.0,142,4,124.0
3857,16799.0,495.98,176,2,247.99
3858,17995.0,495.48,263,3,165.16
3859,14319.0,494.85,329,1,494.85
3860,16352.0,494.44,300,2,247.22
3861,17333.0,494.25,375,1,494.25
3862,17823.0,494.25,262,2,247.125
3863,15877.0,493.28,371,2,246.64
3864,15958.0,492.99,164,4,123.2475
3865,15447.0,492.88,228,5,98.576
3866,13176.0,492.84,453,1,492.84
3867,14270.0,492.65000000000003,197,1,492.65000000000003
3868,15507.0,492.36,162,1,492.36
3869,14310.0,492.1,230,1,492.1
3870,13732.0,491.86,498,1,491.86
3871,17106.0,491.23,156,1,491.23
3872,14663.0,490.6,397,2,245.3
3873,15000.0,490.52,218,1,490.52
3874,14416.0,490.22,326,2,245.11
3875,12983.0,490.08000000000004,638,1,490.08000000000004
3876,12634.0,490.0,337,2,245.0
3877,17476.0,489.86,224,2,244.93
3878,17715.0,489.59999999999997,576,2,244.79999999999998
3879,17988.0,489.54,186,14,34.96714285714286
3880,17925.0,488.16,144,1,488.16
3881,18280.0,488.15000000000003,194,2,244.07500000000002
3882,12920.0,488.09000000000003,421,4,122.02250000000001
3883,13412.0,487.34999999999997,176,1,487.34999999999997
3884,13733.0,487.03000000000003,335,2,243.51500000000001
3885,13675.0,486.82000000000005,330,2,243.41000000000003
3886,17453.0,486.71999999999997,219,2,243.35999999999999
3887,13153.0,486.22,418,1,486.22
3888,15216.0,486.09,217,2,243.045
3889,12443.0,485.31,182,1,485.31
3890,16999.0,484.82,294,2,242.41
3891,16504.0,484.38,524,1,484.38
3892,16024.0,484.2,505,3,161.4
3893,15048.0,482.75,227,4,120.6875
3894,16603.0,482.47,480,2,241.235
3895,17996.0,482.33,587,3,160.77666666666667
3896,12542.0,481.88,522,2,240.94
3897,18216.0,481.75,200,1,481.75
3898,15174.0,481.46,382,2,240.73
3899,14052.0,480.81,187,2,240.405
3900,13161.0,478.88,106,2,239.44
3901,15589.0,478.53000000000003,243,3,159.51000000000002
3902,17111.0,476.58,601,2,238.29
3903,12447.0,476.49,190,1,476.49
3904,18176.0,476.35,283,1,476.35
3905,15277.0,476.34,373,2,238.17
3906,15780.0,475.28000000000003,220,3,158.42666666666668
3907,16552.0,475.02000000000004,258,2,237.51000000000002
3908,14599.0,474.54,295,2,237.27
3909,14322.0,474.1,158,4,118.525
3910,17104.0,474.03,149,1,474.03
3911,15349.0,473.81,327,2,236.905
3912,15557.0,473.65000000000003,219,1,473.65000000000003
3913,16635.0,473.0,277,1,473.0
3914,13194.0,472.78,326,2,236.39
3915,14975.0,472.39,507,2,236.195
3916,16038.0,471.78000000000003,244,3,157.26000000000002
3917,16473.0,470.83,296,4,117.7075
3918,13066.0,470.8,322,2,235.4
3919,15963.0,470.76,298,2,235.38
3920,17254.0,470.73,398,3,156.91
3921,18083.0,470.72999999999996,270,1,470.72999999999996
3922,14819.0,470.16,173,4,117.54
3923,14058.0,469.19,211,2,234.595
3924,14369.0,469.13,255,2,234.565
3925,15387.0,468.65,335,1,468.65
3926,12554.0,468.5,240,1,468.5
3927,13171.0,468.41,229,3,156.13666666666668
3928,14335.0,468.26,379,2,234.13
3929,14491.0,468.13,179,2,234.065
3930,17344.0,468.11,213,2,234.055
3931,14727.0,467.92999999999995,468,3,155.97666666666666
3932,17294.0,467.78999999999996,297,2,233.89499999999998
3933,17187.0,467.71,426,2,233.855
3934,14029.0,467.66,198,2,233.83
3935,16390.0,467.5,122,3,155.83333333333334
3936,14148.0,466.29,223,2,233.145
3937,13248.0,465.68,305,2,232.84
3938,15036.0,465.55,327,3,155.18333333333334
3939,13698.0,465.53000000000003,231,2,232.76500000000001
3940,17181.0,465.37,484,3,155.12333333333333
3941,17140.0,465.32,302,1,465.32
3942,13928.0,464.57,129,4,116.1425
3943,17040.0,463.25,189,2,231.625
3944,14627.0,462.75,284,1,462.75
3945,14331.0,462.65999999999997,252,2,231.32999999999998
3946,18031.0,462.09999999999997,300,1,462.09999999999997
3947,13624.0,462.08,820,1,462.08
3948,18284.0,461.68,494,1,461.68
3949,14575.0,460.71,176,1,460.71
3950,15540.0,460.68,444,2,230.34
3951,12491.0,460.40000000000003,260,1,460.40000000000003
3952,16310.0,460.08,270,2,230.04
3953,14118.0,458.45,97,1,458.45
3954,13957.0,458.25,157,3,152.75
3955,14011.0,457.82,644,2,228.91
3956,15121.0,457.72,199,2,228.86
3957,16069.0,457.7,138,1,457.7
3958,12375.0,457.5,178,2,228.75
3959,12564.0,456.9,133,1,456.9
3960,14296.0,456.40000000000003,314,2,228.20000000000002
3961,16039.0,456.4,409,2,228.2
3962,12999.0,455.88,342,3,151.96
3963,15585.0,455.3,320,1,455.3
3964,16765.0,454.75,311,2,227.375
3965,17067.0,454.54,322,3,151.51333333333335
3966,12459.0,454.36,258,1,454.36
3967,15475.0,454.10999999999996,319,1,454.10999999999996
3968,17564.0,454.01,146,3,151.33666666666667
3969,17376.0,453.64,244,4,113.41
3970,18158.0,453.4,354,2,226.7
3971,16481.0,453.38,201,1,453.38
3972,12729.0,453.01,233,1,453.01
3973,14184.0,452.89,127,1,452.89
3974,15418.0,452.32,266,2,226.16
3975,18100.0,451.56,440,1,451.56
3976,15802.0,451.42,1,1,451.42
3977,15961.0,451.28999999999996,154,1,451.28999999999996
3978,12831.0,451.11,303,3,150.37
3979,15124.0,450.82,462,4,112.705
3980,16870.0,450.15999999999997,278,1,450.15999999999997
3981,13150.0,449.96999999999997,171,3,149.98999999999998
3982,14784.0,449.93,363,3,149.97666666666666
3983,13877.0,449.68,478,3,149.89333333333335
3984,13489.0,449.52,560,4,112.38
3985,15126.0,449.49,273,2,224.745
3986,12448.0,449.45,243,1,449.45
3987,15739.0,449.12,472,1,449.12
3988,16939.0,449.0,232,3,149.66666666666666
3989,14761.0,447.92,206,3,149.30666666666667
3990,14780.0,447.68,310,2,223.84
3991,18201.0,447.53000000000003,191,1,447.53000000000003
3992,13754.0,447.05,315,3,149.01666666666668
3993,16095.0,447.05,265,1,447.05
3994,16921.0,446.67,299,3,148.89000000000001
3995,14149.0,446.62,218,1,446.62
3996,17370.0,446.18,540,4,111.545
3997,17070.0,445.32,234,2,222.66
3998,14010.0,445.15,177,2,222.575
3999,14328.0,445.05,1,1,445.05
4000,18134.0,445.0,128,2,222.5
4001,12788.0,444.9,194,4,111.225
4002,18270.0,444.55,209,3,148.18333333333334
4003,14638.0,443.6,166,1,443.6
4004,16424.0,443.06,212,2,221.53
4005,16404.0,443.05,157,1,443.05
4006,18222.0,443.0,335,1,443.0
4007,14093.0,442.85,406,1,442.85
4008,14996.0,442.28999999999996,404,2,221.14499999999998
4009,17699.0,442.0,208,2,221.0
4010,13738.0,440.93,240,1,440.93
4011,16932.0,440.71,229,3,146.90333333333334
4012,12579.0,440.42,285,1,440.42
4013,18233.0,440.0,4,1,440.0
4014,13954.0,439.92,150,2,219.96
4015,16025.0,439.65999999999997,338,1,439.65999999999997
4016,14979.0,439.46,213,1,439.46
4017,16968.0,439.43,326,2,219.715
4018,13086.0,439.33000000000004,155,1,439.33000000000004
4019,17718.0,439.18,274,2,219.59
4020,13432.0,439.1,217,2,219.55
4021,13358.0,439.03,285,1,439.03
4022,13964.0,438.9,228,2,219.45
4023,17729.0,438.65000000000003,247,1,438.65000000000003
4024,15859.0,438.46,174,1,438.46
4025,17807.0,437.87,262,3,145.95666666666668
4026,12552.0,437.82,88,2,218.91
4027,14846.0,437.4,193,1,437.4
4028,15553.0,437.23,451,1,437.23
4029,16888.0,437.15,147,3,145.71666666666667
4030,12672.0,437.05,138,2,218.525
4031,14877.0,437.0,171,2,218.5
4032,17178.0,436.71,101,1,436.71
4033,14123.0,436.18,234,1,436.18
4034,16084.0,436.18,216,1,436.18
4035,16166.0,435.83,173,2,217.915
4036,18110.0,435.43,186,2,217.715
4037,12445.0,434.98,206,2,217.49
4038,15323.0,434.6,188,3,144.86666666666667
4039,14910.0,434.35,238,4,108.5875
4040,14238.0,434.23,189,3,144.74333333333334
4041,14581.0,433.8,309,2,216.9
4042,18029.0,433.77,253,1,433.77
4043,12493.0,433.74,207,2,216.87
4044,15613.0,433.71999999999997,700,1,433.71999999999997
4045,16522.0,433.36,212,2,216.68
4046,17687.0,432.68,210,1,432.68
4047,16604.0,432.45,175,2,216.225
4048,16236.0,432.2,184,1,432.2
4049,16881.0,432.0,600,1,432.0
4050,14042.0,431.98,180,1,431.98
4051,15488.0,431.92,251,5,86.384
4052,17842.0,430.69,89,1,430.69
4053,12452.0,430.57,185,2,215.285
4054,12795.0,430.48,68,1,430.48
4055,12827.0,430.15000000000003,197,3,143.38333333333335
4056,15450.0,429.84,376,1,429.84
4057,15461.0,429.7,230,2,214.85
4058,15230.0,429.6,351,2,214.8
4059,13413.0,429.44,455,6,71.57333333333334
4060,15915.0,429.21,451,1,429.21
4061,15888.0,429.16,139,3,143.05333333333334
4062,16324.0,428.68,282,3,142.89333333333335
4063,18089.0,428.45,95,1,428.45
4064,17285.0,428.34,140,2,214.17
4065,15545.0,428.05,238,2,214.025
4066,15360.0,427.93,223,1,427.93
4067,12740.0,427.6,342,1,427.6
4068,18285.0,427.0,145,1,427.0
4069,17740.0,426.9,222,6,71.14999999999999
4070,18152.0,426.69,75,1,426.69
4071,15930.0,426.63,139,1,426.63
4072,14288.0,426.6,188,1,426.6
4073,15966.0,426.53000000000003,275,1,426.53000000000003
4074,15217.0,426.24,190,1,426.24
4075,13703.0,425.56,128,2,212.78
4076,17103.0,424.3,471,1,424.3
4077,16541.0,424.03,173,1,424.03
4078,16913.0,423.90999999999997,229,3,141.3033333333333
4079,15504.0,423.85,148,4,105.9625
4080,17330.0,423.8,122,4,105.95
4081,14097.0,422.85999999999996,352,2,211.42999999999998
4082,13374.0,422.8,135,2,211.4
4083,16137.0,422.7,210,1,422.7
4084,16689.0,422.59999999999997,330,2,211.29999999999998
4085,18240.0,422.58,126,1,422.58
4086,16149.0,422.22,598,3,140.74
4087,17232.0,421.52,203,2,210.76
4088,17601.0,421.48,299,2,210.74
4089,13574.0,421.25,316,1,421.25
4090,16773.0,421.24,252,3,140.41333333333333
4091,14757.0,420.5,160,1,420.5
4092,15206.0,420.29999999999995,162,4,105.07499999999999
4093,15894.0,420.29,283,2,210.145
4094,15711.0,420.25,199,2,210.125
4095,18128.0,420.04,221,1,420.04
4096,13672.0,419.92,138,3,139.97333333333333
4097,13442.0,419.87,115,3,139.95666666666668
4098,13096.0,419.70000000000005,6,1,419.70000000000005
4099,14124.0,419.58000000000004,1618,1,419.58000000000004
4100,13079.0,419.18,158,6,69.86333333333333
4101,15262.0,418.82,218,3,139.60666666666665
4102,12593.0,418.09999999999997,206,3,139.36666666666665
4103,13073.0,418.08,261,2,209.04
4104,15968.0,418.05,253,1,418.05
4105,17701.0,417.95,109,1,417.95
4106,17855.0,417.94,394,1,417.94
4107,16629.0,417.73,493,2,208.865
4108,16832.0,417.61,179,5,83.522
4109,14762.0,417.57,428,2,208.785
4110,12833.0,417.38,156,1,417.38
4111,17258.0,417.3,188,2,208.65
4112,16816.0,417.06,274,4,104.265
4113,15935.0,416.86,115,2,208.43
4114,16957.0,416.64,172,2,208.32
4115,15011.0,416.6,289,2,208.3
4116,16355.0,416.35,179,1,416.35
4117,16356.0,415.87,190,6,69.31166666666667
4118,12930.0,415.8,252,2,207.9
4119,12608.0,415.79,323,1,415.79
4120,15725.0,415.25,221,1,415.25
4121,14333.0,415.2,58,1,415.2
4122,16752.0,415.0,108,1,415.0
4123,13565.0,414.8,260,3,138.26666666666668
4124,18278.0,414.20000000000005,140,2,207.10000000000002
4125,13002.0,414.13,201,3,138.04333333333332
4126,17052.0,413.75,261,1,413.75
4127,13669.0,413.55,393,3,137.85
4128,14082.0,413.36,246,2,206.68
4129,17767.0,413.05,198,2,206.525
4130,17662.0,412.92,184,2,206.46
4131,14620.0,412.78000000000003,214,2,206.39000000000001
4132,18050.0,412.06,250,2,206.03
4133,13827.0,412.05,141,3,137.35
4134,16272.0,411.7,224,1,411.7
4135,16815.0,410.97,238,2,205.485
4136,15960.0,410.95,258,4,102.7375
4137,15099.0,410.48,343,1,410.48
4138,17598.0,409.98,126,1,409.98
4139,14348.0,409.57,183,1,409.57
4140,15225.0,409.40000000000003,226,1,409.40000000000003
4141,16864.0,409.25,283,2,204.625
4142,16243.0,409.1,110,2,204.55
4143,13686.0,409.04,378,3,136.34666666666666
4144,12974.0,408.95,104,2,204.475
4145,15446.0,406.95,267,3,135.65
4146,12353.0,406.76,212,2,203.38
4147,16632.0,406.4,256,2,203.2
4148,17000.0,406.3,305,2,203.15
4149,15280.0,406.21999999999997,513,3,135.40666666666667
4150,15342.0,406.09,283,1,406.09
4151,12741.0,406.07,214,2,203.035
4152,18111.0,405.85,232,1,405.85
4153,12922.0,405.38,370,1,405.38
4154,13143.0,405.1,198,1,405.1
4155,13640.0,405.0,108,1,405.0
4156,15941.0,405.0,60,1,405.0
4157,17379.0,404.66,663,1,404.66
4158,16319.0,404.40000000000003,72,1,404.40000000000003
4159,16484.0,404.3,200,2,202.15
4160,12498.0,403.70000000000005,159,3,134.5666666666667
4161,14678.0,403.39,179,1,403.39
4162,17785.0,403.38,227,3,134.46
4163,17431.0,403.3,292,1,403.3
4164,13530.0,402.97999999999996,272,1,402.97999999999996
4165,14172.0,402.72,88,3,134.24
4166,16315.0,402.71,143,2,201.355
4167,15037.0,402.51,301,2,201.255
4168,15501.0,402.5,206,2,201.25
4169,17094.0,402.20000000000005,212,2,201.10000000000002
4170,16998.0,402.0,104,5,80.4
4171,16893.0,401.77,182,2,200.885
4172,18048.0,401.73,258,3,133.91
4173,14494.0,401.46,210,3,133.82
4174,14736.0,401.08,164,2,200.54
4175,14471.0,400.95,187,2,200.475
4176,17403.0,400.57,194,2,200.285
4177,17168.0,400.2,220,1,400.2
4178,14358.0,400.06,338,2,200.03
4179,18164.0,399.65000000000003,184,1,399.65000000000003
4180,16538.0,399.62,257,3,133.20666666666668
4181,13252.0,399.3,134,2,199.65
4182,15522.0,398.84,573,2,199.42
4183,17830.0,398.7,92,3,132.9
4184,12508.0,398.27,272,2,199.135
4185,15577.0,397.98,121,5,79.596
4186,13352.0,397.97999999999996,321,1,397.97999999999996
4187,15429.0,397.35,380,2,198.675
4188,17789.0,397.15,199,2,198.575
4189,12824.0,397.12,232,1,397.12
4190,13673.0,396.92,119,2,198.46
4191,17486.0,396.87,191,1,396.87
4192,13597.0,396.71,231,2,198.355
4193,15883.0,396.48,223,2,198.24
4194,17918.0,396.39,352,3,132.13
4195,18067.0,396.33,189,1,396.33
4196,13879.0,395.5,204,1,395.5
4197,17286.0,395.48,371,3,131.82666666666668
4198,13083.0,395.43,307,3,131.81
4199,17617.0,395.33,255,1,395.33
4200,12677.0,395.1,176,2,197.55
4201,16207.0,394.38,140,1,394.38
4202,15386.0,394.14,446,1,394.14
4203,12499.0,393.72,302,1,393.72
4204,17300.0,393.64,467,2,196.82
4205,15345.0,393.54,81,1,393.54
4206,15437.0,393.45,177,2,196.725
4207,16868.0,393.39,116,3,131.13
4208,13584.0,392.45,363,3,130.81666666666666
4209,17563.0,392.38,256,2,196.19
4210,16827.0,392.13,125,5,78.426
4211,16783.0,391.95,163,1,391.95
4212,13966.0,390.86,772,1,390.86
4213,14072.0,390.85,65,1,390.85
4214,14706.0,390.69,263,1,390.69
4215,17753.0,390.56,128,4,97.64
4216,17614.0,390.07,238,1,390.07
4217,14197.0,390.05,143,1,390.05
4218,17936.0,389.84,262,1,389.84
4219,17116.0,389.78,392,1,389.78
4220,18024.0,389.78,184,2,194.89
4221,14752.0,389.64,260,1,389.64
4222,13345.0,389.5,141,1,389.5
4223,17479.0,389.26000000000005,266,1,389.26000000000005
4224,12690.0,389.01,106,1,389.01
4225,17595.0,388.79,229,2,194.395
4226,18227.0,388.75,22,2,194.375
4227,15592.0,388.58,354,1,388.58
4228,13896.0,388.55,149,1,388.55
4229,13899.0,388.52,156,2,194.26
4230,17357.0,388.14,153,2,194.07
4231,17771.0,387.41,373,4,96.8525
4232,16148.0,386.62,250,2,193.31
4233,14779.0,386.15,84,3,128.71666666666667
4234,16492.0,385.56,235,1,385.56
4235,12973.0,385.55,31,1,385.55
4236,12889.0,385.46000000000004,124,4,96.36500000000001
4237,12829.0,385.3,550,3,128.43333333333334
4238,17804.0,385.23,195,3,128.41
4239,14826.0,385.2,152,2,192.6
4240,17711.0,385.1,246,2,192.55
4241,17772.0,384.77,122,3,128.25666666666666
4242,17171.0,384.59,225,2,192.295
4243,17250.0,384.52,168,2,192.26
4244,16433.0,384.52,214,2,192.26
4245,17012.0,384.16,268,1,384.16
4246,16982.0,384.06,182,1,384.06
4247,14598.0,384.04,354,2,192.02
4248,15155.0,383.96999999999997,192,1,383.96999999999997
4249,13792.0,383.95,156,3,127.98333333333333
4250,12515.0,383.7,131,1,383.7
4251,15440.0,383.68,197,3,127.89333333333333
4252,12547.0,383.58,309,3,127.86
4253,12832.0,383.03,195,2,191.515
4254,13817.0,382.98,211,2,191.49
4255,14767.0,382.81,117,1,382.81
4256,17568.0,382.79,283,1,382.79
4257,16988.0,382.67,158,2,191.335
4258,13997.0,382.31,146,3,127.43666666666667
4259,13657.0,382.14,209,2,191.07
4260,14908.0,381.9,182,2,190.95
4261,16304.0,381.66,228,1,381.66
4262,15090.0,381.32,208,1,381.32
4263,17393.0,381.15,238,2,190.575
4264,17903.0,381.09000000000003,142,1,381.09000000000003
4265,12796.0,381.0,182,1,381.0
4266,17573.0,380.6,308,3,126.86666666666667
4267,16930.0,380.55,341,3,126.85000000000001
4268,14731.0,380.02,256,3,126.67333333333333
4269,16577.0,380.0,142,1,380.0
4270,17783.0,379.91,439,3,126.63666666666667
4271,14200.0,379.2,140,1,379.2
4272,18162.0,379.16,335,1,379.16
4273,16909.0,379.14,436,1,379.14
4274,13372.0,378.64,159,1,378.64
4275,17078.0,378.2,788,2,189.1
4276,12651.0,377.75,265,4,94.4375
4277,12941.0,377.49,381,1,377.49
4278,17736.0,377.44,238,3,125.81333333333333
4279,17717.0,376.92,344,1,376.92
4280,16544.0,376.70000000000005,150,4,94.17500000000001
4281,17489.0,376.64,428,2,188.32
4282,14353.0,376.5,344,3,125.5
4283,14531.0,376.34,260,1,376.34
4284,17912.0,375.5,216,6,62.583333333333336
4285,13688.0,375.5,130,1,375.5
4286,14448.0,375.35,104,2,187.675
4287,14294.0,375.34,190,1,375.34
4288,17810.0,374.81,119,2,187.405
4289,14067.0,374.7,361,2,187.35
4290,13545.0,374.64,257,2,187.32
4291,13351.0,373.94,117,1,373.94
4292,13283.0,373.36,204,4,93.34
4293,17437.0,373.17,284,1,373.17
4294,15337.0,373.02,200,1,373.02
4295,13197.0,373.01000000000005,204,1,373.01000000000005
4296,14981.0,372.92,241,2,186.46
4297,12895.0,372.8,210,2,186.4
4298,12544.0,372.7,136,1,372.7
4299,15989.0,372.51,171,2,186.255
4300,12981.0,372.21999999999997,242,2,186.10999999999999
4301,13164.0,372.2,120,2,186.1
4302,17245.0,371.63,307,2,185.815
4303,18155.0,371.62,266,3,123.87333333333333
4304,15472.0,371.56,251,1,371.56
4305,14950.0,371.2,136,1,371.2
4306,15975.0,371.01,243,1,371.01
4307,15063.0,370.79999999999995,56,1,370.79999999999995
4308,15765.0,370.63,335,1,370.63
4309,14168.0,370.45,147,2,185.225
4310,15458.0,370.43999999999994,300,2,185.21999999999997
4311,17792.0,370.05,151,2,185.025
4312,16758.0,369.34000000000003,203,1,369.34000000000003
4313,14888.0,369.2,184,1,369.2
4314,15477.0,368.4,216,1,368.4
4315,16448.0,367.87,179,2,183.935
4316,14018.0,367.15000000000003,224,1,367.15000000000003
4317,13187.0,367.01,375,4,91.7525
4318,14962.0,366.91,123,4,91.7275
4319,14244.0,366.41999999999996,814,1,366.41999999999996
4320,12899.0,366.4,108,1,366.4
4321,17911.0,366.23,223,1,366.23
4322,16974.0,365.5,70,2,182.75
4323,15029.0,365.1,234,1,365.1
4324,17536.0,364.83,201,3,121.61
4325,14886.0,364.8,160,1,364.8
4326,15949.0,364.72,284,2,182.36
4327,15343.0,364.5,84,1,364.5
4328,14528.0,364.21999999999997,278,1,364.21999999999997
4329,16509.0,363.7,64,1,363.7
4330,14253.0,363.40000000000003,88,2,181.70000000000002
4331,16078.0,362.99,200,2,181.495
4332,16378.0,362.95,267,3,120.98333333333333
4333,13962.0,362.8,160,3,120.93333333333334
4334,14840.0,362.71,179,2,181.355
4335,14122.0,362.42,114,3,120.80666666666667
4336,17339.0,362.36,188,3,120.78666666666668
4337,18119.0,362.24,250,1,362.24
4338,16052.0,362.06,282,1,362.06
4339,16259.0,361.94,162,3,120.64666666666666
4340,13844.0,361.62,196,1,361.62
4341,16305.0,361.21999999999997,256,1,361.21999999999997
4342,18091.0,360.85,539,1,360.85
4343,13274.0,360.85,199,1,360.85
4344,17945.0,360.35,244,3,120.11666666666667
4345,18208.0,360.08,82,1,360.08
4346,13298.0,360.0,96,1,360.0
4347,15008.0,360.0,1500,2,180.0
4348,13181.0,359.69,171,1,359.69
4349,17660.0,359.47,268,2,179.735
4350,14926.0,359.4,204,2,179.7
4351,14919.0,359.35,129,1,359.35
4352,15120.0,358.82,296,1,358.82
4353,15863.0,358.7,164,5,71.74
4354,18003.0,358.61,299,1,358.61
4355,17948.0,358.56000000000006,144,1,358.56000000000006
4356,16856.0,358.49,171,3,119.49666666666667
4357,17748.0,358.15,111,1,358.15
4358,13228.0,358.0,200,1,358.0
4359,16606.0,357.66,148,2,178.83
4360,15595.0,357.6,144,1,357.6
4361,12495.0,357.4,130,1,357.4
4362,17967.0,357.28999999999996,198,2,178.64499999999998
4363,16971.0,357.21,72,1,357.21
4364,18040.0,357.20000000000005,148,2,178.60000000000002
4365,18273.0,357.0,140,4,89.25
4366,13234.0,356.95,162,2,178.475
4367,14500.0,356.85,117,3,118.95
4368,17200.0,356.71,367,4,89.1775
4369,15840.0,355.56,396,2,177.78
4370,12617.0,355.53,213,1,355.53
4371,12996.0,355.5,122,1,355.5
4372,16920.0,355.45,81,1,355.45
4373,14268.0,354.85,147,1,354.85
4374,15986.0,354.42,368,2,177.21
4375,12888.0,354.12,76,2,177.06
4376,12845.0,354.09,204,4,88.5225
4377,12715.0,353.86,197,1,353.86
4378,17252.0,353.86,193,2,176.93
4379,16323.0,353.66,146,2,176.83
4380,13210.0,353.48,316,1,353.48
4381,13343.0,353.43,135,1,353.43
4382,14804.0,353.27,121,1,353.27
4383,16382.0,353.1,167,2,176.55
4384,16690.0,353.03,209,4,88.2575
4385,17780.0,352.91,158,3,117.63666666666667
4386,17196.0,352.9,168,1,352.9
4387,13765.0,352.821,297,1,352.821
4388,16857.0,352.8,168,1,352.8
4389,15334.0,351.67,274,3,117.22333333333334
4390,12566.0,351.65,265,1,351.65
4391,16192.0,351.3,208,1,351.3
4392,13923.0,351.13,185,1,351.13
4393,16263.0,351.01,200,1,351.01
4394,14252.0,350.99,111,1,350.99
4395,13332.0,350.9,179,1,350.9
4396,13281.0,350.85,201,1,350.85
4397,17835.0,350.64,348,3,116.88
4398,17795.0,350.39,341,2,175.195
4399,16476.0,350.35,187,1,350.35
4400,12532.0,349.83000000000004,153,1,349.83000000000004
4401,13670.0,349.7,282,1,349.7
4402,13887.0,349.55,147,1,349.55
4403,13550.0,349.51,454,1,349.51
4404,18090.0,349.4,321,1,349.4
4405,18250.0,349.27,199,1,349.27
4406,14545.0,349.25,236,1,349.25
4407,13790.0,348.8,748,1,348.8
4408,17577.0,348.75,179,2,174.375
4409,15282.0,348.59,395,1,348.59
4410,12760.0,347.8,198,1,347.8
4411,17668.0,347.75,93,2,173.875
4412,15085.0,347.54,169,1,347.54
4413,16006.0,347.17,211,2,173.585
4414,12441.0,347.1,242,1,347.1
4415,13062.0,346.98,343,1,346.98
4416,12411.0,346.9,138,1,346.9
4417,16423.0,346.12,230,1,346.12
4418,15781.0,345.46,180,3,115.15333333333332
4419,14724.0,345.25,187,1,345.25
4420,13774.0,345.0,192,1,345.0
4421,14633.0,344.90000000000003,96,1,344.90000000000003
4422,18199.0,344.75,99,1,344.75
4423,15519.0,344.61,116,2,172.305
4424,17569.0,344.14,159,1,344.14
4425,16990.0,344.0,200,2,172.0
4426,13068.0,344.0,200,2,172.0
4427,15047.0,343.62,222,1,343.62
4428,15520.0,343.5,314,1,343.5
4429,18081.0,343.45,195,3,114.48333333333333
4430,13519.0,343.21,133,2,171.605
4431,18047.0,342.69,138,2,171.345
4432,16851.0,342.45,271,3,114.14999999999999
4433,14989.0,342.4,200,1,342.4
4434,17833.0,342.36,145,1,342.36
4435,17542.0,341.7,324,3,113.89999999999999
4436,16826.0,341.7,158,1,341.7
4437,16585.0,341.59,151,2,170.795
4438,13347.0,341.36,205,1,341.36
4439,17917.0,341.28,187,3,113.75999999999999
4440,17928.0,341.24,222,3,113.74666666666667
4441,16044.0,340.84000000000003,170,1,340.84000000000003
4442,15818.0,340.5,284,1,340.5
4443,12900.0,340.33,139,1,340.33
4444,12698.0,339.75,111,1,339.75
4445,13737.0,339.59999999999997,125,1,339.59999999999997
4446,14203.0,339.34,80,1,339.34
4447,17697.0,338.95,93,1,338.95
4448,17839.0,338.8,285,1,338.8
4449,14630.0,338.65,111,1,338.65
4450,17776.0,338.56,277,2,169.28
4451,14799.0,338.15,495,2,169.075
4452,17296.0,338.13,216,1,338.13
4453,12869.0,337.66999999999996,144,1,337.66999999999996
4454,15942.0,337.44,232,1,337.44
4455,12780.0,337.4,285,1,337.4
4456,13930.0,337.34,274,2,168.67
4457,18269.0,337.2,152,1,337.2
4458,17973.0,337.04,176,1,337.04
4459,17488.0,336.5,136,1,336.5
4460,17914.0,336.43,473,1,336.43
4461,15619.0,336.40000000000003,136,1,336.40000000000003
4462,13482.0,336.09,187,2,168.045
4463,16273.0,336.03999999999996,46,2,168.01999999999998
4464,14196.0,335.52,142,1,335.52
4465,16063.0,335.32,262,1,335.32
4466,14094.0,335.22,177,1,335.22
4467,12489.0,334.93,105,1,334.93
4468,17821.0,334.62,162,1,334.62
4469,12350.0,334.4,197,1,334.4
4470,17607.0,333.81,269,1,333.81
4471,13216.0,333.74,297,1,333.74
4472,14241.0,333.70000000000005,242,2,166.85000000000002
4473,14957.0,333.29,105,2,166.645
4474,16234.0,333.18,170,3,111.06
4475,14137.0,332.7,462,1,332.7
4476,13904.0,332.64,332,2,166.32
4477,16850.0,332.41,249,1,332.41
4478,16803.0,332.3,245,1,332.3
4479,16452.0,332.17,199,2,166.085
4480,17647.0,331.65999999999997,82,3,110.55333333333333
4481,15512.0,331.58,235,4,82.895
4482,17435.0,331.35,195,1,331.35
4483,16030.0,331.24,283,1,331.24
4484,13981.0,331.14,234,1,331.14
4485,16478.0,331.0,224,3,110.33333333333333
4486,15878.0,330.77,243,2,165.385
4487,17309.0,330.59000000000003,193,3,110.19666666666667
4488,14517.0,330.45,91,2,165.225
4489,17301.0,330.43,229,2,165.215
4490,12807.0,330.35,145,1,330.35
4491,13010.0,330.12,323,2,165.06
4492,15130.0,330.11,197,1,330.11
4493,12850.0,330.0,200,1,330.0
4494,18186.0,329.58,338,1,329.58
4495,17518.0,329.42,267,2,164.71
4496,16436.0,329.34,239,3,109.77999999999999
4497,17154.0,329.34,490,1,329.34
4498,15153.0,329.25,198,1,329.25
4499,15979.0,329.22,450,1,329.22
4500,16286.0,328.95,101,2,164.475
4501,14012.0,328.8,160,1,328.8
4502,16855.0,328.4,164,2,164.2
4503,15213.0,328.35,272,2,164.175
4504,14747.0,328.2,84,1,328.2
4505,16318.0,328.15,199,1,328.15
4506,15709.0,327.85,169,2,163.925
4507,15735.0,327.68,206,1,327.68
4508,13498.0,327.38,362,1,327.38
4509,12804.0,327.02,271,2,163.51
4510,16322.0,326.75,231,2,163.375
4511,12460.0,326.65,170,1,326.65
4512,14070.0,326.55,86,1,326.55
4513,13646.0,326.25,79,2,163.125
4514,17843.0,326.23,276,2,163.115
4515,17439.0,325.74,370,1,325.74
4516,13661.0,325.24,118,1,325.24
4517,15670.0,325.2,132,2,162.6
4518,13801.0,324.8,168,1,324.8
4519,15982.0,324.51,131,1,324.51
4520,12946.0,324.45,149,1,324.45
4521,18261.0,324.24,146,2,162.12
4522,16685.0,324.24,396,2,162.12
4523,13834.0,324.19,221,2,162.095
4524,15869.0,323.65999999999997,274,3,107.88666666666666
4525,17440.0,323.58,282,4,80.895
4526,13025.0,323.39,241,1,323.39
4527,16195.0,323.25,123,1,323.25
4528,17793.0,323.04,232,1,323.04
4529,14263.0,322.93,171,1,322.93
4530,16627.0,322.8,162,1,322.8
4531,14832.0,322.69,1,1,322.69
4532,16342.0,322.41,157,4,80.6025
4533,14424.0,322.08,48,1,322.08
4534,17326.0,321.95,140,2,160.975
4535,15726.0,321.91,123,1,321.91
4536,13111.0,321.88000000000005,180,1,321.88000000000005
4537,17471.0,321.65000000000003,153,1,321.65000000000003
4538,15770.0,321.45,67,1,321.45
4539,14823.0,321.43,88,3,107.14333333333333
4540,17182.0,321.3,54,2,160.65
4541,15236.0,321.05,269,1,321.05
4542,15432.0,320.76,92,2,160.38
4543,18117.0,320.72,618,1,320.72
4544,14622.0,320.58000000000004,146,1,320.58000000000004
4545,17991.0,320.55,100,3,106.85000000000001
4546,13986.0,320.46,430,1,320.46
4547,16683.0,320.25,190,1,320.25
4548,13942.0,320.0,1000,1,320.0
4549,13843.0,319.75,145,1,319.75
4550,16674.0,319.61,188,2,159.805
4551,16967.0,319.02,333,1,319.02
4552,17229.0,318.76,185,2,159.38
4553,15682.0,318.24,222,2,159.12
4554,14703.0,318.17,183,1,318.17
4555,18253.0,317.88,128,1,317.88
4556,17267.0,317.62,159,2,158.81
4557,15616.0,317.11,137,1,317.11
4558,17689.0,317.08,300,2,158.54
4559,16761.0,316.62,341,1,316.62
4560,15204.0,316.58,258,1,316.58
4561,12529.0,316.48,192,1,316.48
4562,13494.0,316.26000000000005,162,1,316.26000000000005
4563,15196.0,316.25,131,2,158.125
4564,17408.0,316.09000000000003,163,3,105.36333333333334
4565,12614.0,315.6,76,1,315.6
4566,15042.0,315.45,238,2,157.725
4567,16091.0,315.06,154,2,157.53
4568,17121.0,314.74,106,1,314.74
4569,14991.0,314.67,191,1,314.67
4570,18206.0,314.65999999999997,246,1,314.65999999999997
4571,13660.0,314.59,137,1,314.59
4572,12650.0,314.44,254,1,314.44
4573,18070.0,314.1,86,1,314.1
4574,15873.0,313.91999999999996,1152,4,78.47999999999999
4575,13087.0,313.64,86,1,313.64
4576,16582.0,313.62,164,1,313.62
4577,12665.0,313.6,165,3,104.53333333333335
4578,17882.0,313.46,134,2,156.73
4579,13845.0,312.98,182,1,312.98
4580,15162.0,312.9,74,1,312.9
4581,13905.0,312.65,135,1,312.65
4582,15318.0,312.62,642,1,312.62
4583,13226.0,312.46,179,2,156.23
4584,12834.0,312.38,110,1,312.38
4585,14951.0,311.69,311,1,311.69
4586,12852.0,311.55,149,1,311.55
4587,13990.0,311.3,190,1,311.3
4588,12898.0,310.96000000000004,240,2,155.48000000000002
4589,15724.0,310.85,117,3,103.61666666666667
4590,16328.0,310.83,141,1,310.83
4591,13400.0,310.83,284,1,310.83
4592,13847.0,310.72,96,1,310.72
4593,16439.0,310.70000000000005,74,1,310.70000000000005
4594,12738.0,310.7,296,1,310.7
4595,15185.0,310.62,666,1,310.62
4596,14848.0,310.56,260,1,310.56
4597,14181.0,310.55,122,2,155.275
4598,15308.0,310.47,175,1,310.47
4599,15188.0,310.43,233,1,310.43
4600,13315.0,310.26,232,1,310.26
4601,14749.0,310.15,403,1,310.15
4602,13628.0,310.14,106,1,310.14
4603,17383.0,309.99,162,2,154.995
4604,15699.0,309.65,113,1,309.65
4605,16373.0,309.49,119,2,154.745
4606,12884.0,309.05,43,1,309.05
4607,15010.0,308.94,184,1,308.94
4608,16956.0,308.74,114,1,308.74
4609,16194.0,308.59999999999997,140,1,308.59999999999997
4610,14927.0,308.2,196,1,308.2
4611,16524.0,308.14,260,2,154.07
4612,15302.0,308.0,102,1,308.0
4613,15778.0,307.95,101,1,307.95
4614,13289.0,307.95,119,1,307.95
4615,16123.0,307.78,170,1,307.78
4616,13529.0,307.76,74,2,153.88
4617,15454.0,307.69,148,2,153.845
4618,14777.0,307.56,212,1,307.56
4619,13060.0,307.53,123,1,307.53
4620,17120.0,307.46,120,1,307.46
4621,13932.0,307.4,72,1,307.4
4622,15374.0,307.32,290,2,153.66
4623,14783.0,307.3,262,1,307.3
4624,17721.0,307.21000000000004,107,1,307.21000000000004
4625,13036.0,307.1,38,1,307.1
4626,13142.0,307.09,258,1,307.09
4627,15087.0,306.94,470,1,306.94
4628,17551.0,306.84,150,1,306.84
4629,16649.0,306.58000000000004,82,1,306.58000000000004
4630,13718.0,306.55,173,2,153.275
4631,18059.0,306.46,263,3,102.15333333333332
4632,17077.0,306.0,36,1,306.0
4633,15135.0,305.68,84,2,152.84
4634,16796.0,305.62,186,1,305.62
4635,16181.0,305.54,152,1,305.54
4636,14990.0,305.42,130,2,152.71
4637,15893.0,305.28000000000003,288,1,305.28000000000003
4638,13383.0,305.28000000000003,288,1,305.28000000000003
4639,13667.0,305.02,154,1,305.02
4640,15163.0,304.47,186,2,152.235
4641,14043.0,304.25,153,2,152.125
4642,18185.0,304.25,183,1,304.25
4643,16217.0,304.25,91,2,152.125
4644,17688.0,304.2,114,1,304.2
4645,16489.0,303.7,38,2,151.85
4646,14791.0,303.63,127,1,303.63
4647,14806.0,303.43,423,2,151.715
4648,17207.0,303.21999999999997,241,1,303.21999999999997
4649,18255.0,303.15,201,2,151.575
4650,15060.0,303.09,263,4,75.7725
4651,16425.0,302.7,199,1,302.7
4652,18165.0,302.46000000000004,254,1,302.46000000000004
4653,17506.0,302.2,139,1,302.2
4654,15054.0,302.1,198,2,151.05
4655,15242.0,302.04,196,1,302.04
4656,16297.0,301.9,206,1,301.9
4657,13773.0,301.54,174,2,150.77
4658,15667.0,301.32,240,1,301.32
4659,15148.0,301.29,187,1,301.29
4660,13625.0,301.26,144,1,301.26
4661,16437.0,301.25,197,2,150.625
4662,12351.0,300.93,261,1,300.93
4663,16479.0,300.83,102,2,150.415
4664,16050.0,300.7,388,3,100.23333333333333
4665,17556.0,300.67,184,2,150.335
4666,14797.0,300.31,99,1,300.31
4667,17766.0,299.61,155,2,149.805
4668,12864.0,299.57,447,2,149.785
4669,13346.0,299.4,180,6,49.9
4670,17898.0,299.18,251,4,74.795
4671,12595.0,299.02,271,1,299.02
4672,17124.0,298.89,130,1,298.89
4673,15609.0,298.48,148,1,298.48
4674,17824.0,298.4,408,1,298.4
4675,12881.0,298.0,21,1,298.0
4676,18018.0,297.99,186,4,74.4975
4677,14835.0,297.0,180,2,148.5
4678,13708.0,296.88,306,1,296.88
4679,14985.0,296.75,260,2,148.375
4680,17627.0,296.36,676,1,296.36
4681,13751.0,296.25,152,1,296.25
4682,13504.0,295.93,178,1,295.93
4683,15962.0,295.83,235,1,295.83
4684,14269.0,295.73,123,1,295.73
4685,14614.0,295.13,189,1,295.13
4686,16252.0,295.09000000000003,158,1,295.09000000000003
4687,16579.0,295.05,119,1,295.05
4688,17057.0,294.74,129,1,294.74
4689,15041.0,294.02,197,2,147.01
4690,17927.0,294.0,108,1,294.0
4691,15718.0,293.79,95,1,293.79
4692,14192.0,293.74,218,1,293.74
4693,15928.0,293.53,164,1,293.53
4694,17710.0,293.5,158,1,293.5
4695,17441.0,293.35,245,1,293.35
4696,16721.0,292.47,172,1,292.47
4697,16543.0,292.21,317,1,292.21
4698,13739.0,292.2,76,2,146.1
4699,13449.0,291.88,222,1,291.88
4700,17907.0,291.76,1046,1,291.76
4701,16615.0,291.5,211,1,291.5
4702,18182.0,291.13,167,1,291.13
4703,15391.0,289.87,109,1,289.87
4704,16897.0,289.78,73,2,144.89
4705,13796.0,289.7,218,1,289.7
4706,14433.0,289.6,134,1,289.6
4707,14162.0,289.36,142,2,144.68
4708,17501.0,288.6,160,2,144.3
4709,16808.0,288.42,196,2,144.21
4710,13616.0,288.1,175,2,144.05
4711,16432.0,287.4,276,1,287.4
4712,17497.0,287.25,59,2,143.625
4713,13508.0,287.05,180,2,143.525
4714,13909.0,286.6,302,2,143.3
4715,14183.0,286.29,61,2,143.145
4716,14660.0,285.74,228,2,142.87
4717,14402.0,285.6,240,1,285.6
4718,17636.0,285.56,182,1,285.56
4719,16890.0,285.41,243,3,95.13666666666667
4720,12487.0,285.29999999999995,174,1,285.29999999999995
4721,17355.0,285.11,257,1,285.11
4722,16429.0,284.55,9,1,284.55
4723,15445.0,284.5,118,2,142.25
4724,17359.0,284.46,237,2,142.23
4725,15354.0,284.4,3,3,94.8
4726,12851.0,284.13,160,2,142.065
4727,15662.0,283.73,145,2,141.865
4728,13121.0,283.73,252,1,283.73
4729,15338.0,283.43,150,1,283.43
4730,15936.0,282.79,211,2,141.395
4731,13511.0,282.76,60,1,282.76
4732,12771.0,282.3,104,1,282.3
4733,17247.0,282.19,106,1,282.19
4734,17072.0,282.05,218,1,282.05
4735,16557.0,281.85,111,2,140.925
4736,13326.0,281.76,140,1,281.76
4737,13679.0,281.26,102,3,93.75333333333333
4738,18042.0,281.15,69,2,140.575
4739,15772.0,280.88,110,1,280.88
4740,13080.0,280.73,193,4,70.1825
4741,14242.0,280.55,123,2,140.275
4742,13606.0,280.53999999999996,279,3,93.51333333333332
4743,13581.0,280.53000000000003,119,2,140.26500000000001
4744,15556.0,279.77,236,1,279.77
4745,17264.0,279.59,227,1,279.59
4746,17786.0,278.74,200,2,139.37
4747,14764.0,278.3,190,1,278.3
4748,14303.0,277.94,218,2,138.97
4749,16334.0,277.48,211,1,277.48
4750,15355.0,277.05,45,2,138.525
4751,13272.0,276.56,96,2,138.28
4752,12750.0,275.88,137,1,275.88
4753,13399.0,275.4,120,3,91.8
4754,16313.0,274.15000000000003,165,2,137.07500000000002
4755,12789.0,273.35,36,3,91.11666666666667
4756,13307.0,273.34,140,3,91.11333333333333
4757,13861.0,273.26,225,2,136.63
4758,15964.0,272.96000000000004,94,1,272.96000000000004
4759,17498.0,272.22,394,1,272.22
4760,13917.0,272.04,228,2,136.02
4761,14816.0,271.85,5,1,271.85
4762,17292.0,271.75,131,2,135.875
4763,14436.0,271.70000000000005,297,2,135.85000000000002
4764,16089.0,271.44,122,2,135.72
4765,13058.0,271.40000000000003,52,3,90.46666666666668
4766,15943.0,271.28999999999996,183,2,135.64499999999998
4767,17278.0,271.24,195,2,135.62
4768,13837.0,271.24,183,2,135.62
4769,18238.0,270.92,114,1,270.92
4770,13533.0,270.79,204,3,90.26333333333334
4771,14520.0,270.6,146,2,135.3
4772,16757.0,270.48,180,2,135.24
4773,12558.0,269.96,196,1,269.96
4774,18267.0,269.37,135,1,269.37
4775,12751.0,268.27,189,1,268.27
4776,18254.0,267.9,188,1,267.9
4777,14039.0,267.28000000000003,192,2,133.64000000000001
4778,15408.0,267.18,106,1,267.18
4779,15503.0,267.15,136,2,133.575
4780,15320.0,267.13,326,1,267.13
4781,15517.0,267.03,293,1,267.03
4782,15423.0,266.89,198,3,88.96333333333332
4783,14863.0,266.76,132,1,266.76
4784,16502.0,266.5,251,2,133.25
4785,15119.0,266.4,88,1,266.4
4786,14392.0,266.4,114,1,266.4
4787,12962.0,266.39,129,2,133.195
4788,15019.0,266.0,159,1,266.0
4789,16074.0,265.25,39,1,265.25
4790,13973.0,264.7,109,1,264.7
4791,13128.0,263.5,31,1,263.5
4792,12892.0,263.38,140,1,263.38
4793,17808.0,262.64,143,4,65.66
4794,13331.0,262.4,54,1,262.4
4795,14526.0,262.4,179,1,262.4
4796,17910.0,261.7,121,1,261.7
4797,12655.0,261.35,80,1,261.35
4798,17385.0,261.11,201,1,261.11
4799,13189.0,260.68,842,2,130.34
4800,15014.0,260.17,151,2,130.085
4801,17901.0,260.08,38,3,86.69333333333333
4802,17022.0,260.0,180,2,130.0
4803,16733.0,259.68,112,1,259.68
4804,17125.0,259.35,291,1,259.35
4805,17558.0,259.17,54,1,259.17
4806,13127.0,259.17,127,1,259.17
4807,17219.0,259.13,188,2,129.565
4808,15536.0,259.09,242,1,259.09
4809,16381.0,258.7,112,2,129.35
4810,13683.0,258.6,180,1,258.6
4811,13227.0,257.7,99,1,257.7
4812,16542.0,257.32,142,2,128.66
4813,15852.0,257.26,60,3,85.75333333333333
4814,14483.0,257.1,193,2,128.55
4815,15404.0,257.06,334,1,257.06
4816,14166.0,256.85,84,2,128.425
4817,14876.0,256.7,162,2,128.35
4818,14274.0,256.6,178,1,256.6
4819,12430.0,256.4,117,1,256.4
4820,13806.0,256.38,56,1,256.38
4821,17896.0,256.32,288,1,256.32
4822,13250.0,256.04,108,2,128.02
4823,13825.0,255.59,182,2,127.795
4824,14881.0,255.4,316,1,255.4
4825,16911.0,255.25,161,2,127.625
4826,12746.0,254.55,97,1,254.55
4827,12604.0,254.18,201,2,127.09
4828,15923.0,254.16,244,1,254.16
4829,17992.0,254.13,131,1,254.13
4830,14765.0,254.11,135,3,84.70333333333333
4831,17626.0,254.0,202,1,254.0
4832,16845.0,253.88,167,1,253.88
4833,17210.0,253.37,243,1,253.37
4834,15035.0,252.73000000000002,245,1,252.73000000000002
4835,13251.0,252.68,215,1,252.68
4836,16908.0,252.59,61,1,252.59
4837,15552.0,252.52,166,2,126.26
4838,13404.0,252.49,111,2,126.245
4839,13645.0,252.1,158,1,252.1
4840,16453.0,251.71,139,2,125.855
4841,16976.0,251.51999999999998,88,1,251.51999999999998
4842,14501.0,251.21,161,2,125.605
4843,18266.0,251.1,138,1,251.1
4844,16962.0,251.04,158,1,251.04
4845,15231.0,250.26,190,1,250.26
4846,17303.0,250.04,144,1,250.04
4847,15510.0,250.0,2,1,250.0
4848,18002.0,249.92,72,4,62.48
4849,18005.0,249.72,93,2,124.86
4850,15884.0,249.70000000000002,158,2,124.85000000000001
4851,13747.0,249.39999999999998,68,2,124.69999999999999
4852,12563.0,249.24,113,1,249.24
4853,16508.0,248.8,106,1,248.8
4854,13061.0,248.61,107,1,248.61
4855,13592.0,247.95999999999998,84,4,61.989999999999995
4856,15293.0,247.5,178,1,247.5
4857,18072.0,247.44,288,1,247.44
4858,13349.0,247.32,225,1,247.32
4859,14658.0,247.15,47,2,123.575
4860,14654.0,246.86,273,1,246.86
4861,15697.0,246.75,127,1,246.75
4862,13943.0,246.54,94,1,246.54
4863,15495.0,246.5,194,1,246.5
4864,15378.0,246.5,130,2,123.25
4865,15783.0,246.3,212,1,246.3
4866,18153.0,246.22,200,1,246.22
4867,16778.0,245.94,194,2,122.97
4868,14325.0,245.48000000000002,320,1,245.48000000000002
4869,14281.0,245.15,45,1,245.15
4870,12660.0,245.1,127,1,245.1
4871,15118.0,244.8,1440,1,244.8
4872,16528.0,244.41,171,1,244.41
4873,14694.0,244.31,193,1,244.31
4874,13551.0,244.2,36,2,122.1
4875,17892.0,244.1,109,3,81.36666666666666
4876,13676.0,243.9,104,2,121.95
4877,16793.0,243.84,146,1,243.84
4878,13886.0,243.56,126,1,243.56
4879,15543.0,242.84,169,2,121.42
4880,16215.0,242.35,104,1,242.35
4881,17915.0,242.13,191,1,242.13
4882,17009.0,242.06,336,1,242.06
4883,13445.0,241.89999999999998,198,1,241.89999999999998
4884,13582.0,241.68,106,2,120.84
4885,13275.0,241.66,140,2,120.83
4886,15776.0,241.62,138,1,241.62
4887,14774.0,241.45,99,1,241.45
4888,14523.0,241.09,251,1,241.09
4889,16427.0,241.06,156,2,120.53
4890,13674.0,240.68,102,1,240.68
4891,15286.0,240.55,55,1,240.55
4892,15336.0,240.5,84,1,240.5
4893,15931.0,239.9,118,1,239.9
4894,15690.0,239.76,408,2,119.88
4895,17055.0,239.55,87,1,239.55
4896,13570.0,239.49,161,1,239.49
4897,13789.0,239.45999999999998,258,1,239.45999999999998
4898,17684.0,239.41,145,1,239.41
4899,12663.0,239.4,181,2,119.7
4900,17981.0,239.12,260,1,239.12
4901,12561.0,238.85,177,1,238.85
4902,12718.0,238.25,203,1,238.25
4903,16280.0,238.05,101,1,238.05
4904,14982.0,237.78,125,1,237.78
4905,17877.0,237.61,98,1,237.61
4906,14458.0,237.42,328,1,237.42
4907,14586.0,237.36,444,1,237.36
4908,15457.0,237.07,132,1,237.07
4909,16740.0,236.81,116,1,236.81
4910,12732.0,236.26000000000002,111,1,236.26000000000002
4911,13608.0,236.2,113,1,236.2
4912,13088.0,236.11,76,1,236.11
4913,16026.0,236.09,243,1,236.09
4914,17093.0,235.88,114,1,235.88
4915,17872.0,235.87,176,1,235.87
4916,16046.0,235.78,248,1,235.78
4917,17993.0,235.19,112,1,235.19
4918,12392.0,234.75000000000003,73,1,234.75000000000003
4919,17868.0,234.65,91,1,234.65
4920,13114.0,234.38,74,1,234.38
4921,14473.0,234.34000000000003,88,2,117.17000000000002
4922,17060.0,234.24,216,1,234.24
4923,13009.0,234.0,120,1,234.0
4924,12736.0,234.0,173,1,234.0
4925,13348.0,233.76,136,1,233.76
4926,14153.0,233.4,312,1,233.4
4927,15294.0,233.35,97,1,233.35
4928,13129.0,233.25,296,2,116.625
4929,14995.0,233.23000000000002,103,2,116.61500000000001
4930,16302.0,233.22,158,1,233.22
4931,15451.0,233.21,79,2,116.605
4932,13678.0,232.6,924,1,232.6
4933,18213.0,232.48000000000002,232,1,232.48000000000002
4934,16408.0,231.93,227,1,231.93
4935,17151.0,231.90000000000003,42,1,231.90000000000003
4936,13619.0,231.69,84,2,115.845
4937,17136.0,231.68,256,1,231.68
4938,18279.0,231.33999999999997,630,1,231.33999999999997
4939,15487.0,231.32,144,1,231.32
4940,15001.0,230.85999999999999,81,2,115.42999999999999
4941,18030.0,230.64999999999998,67,2,115.32499999999999
4942,15866.0,230.53,126,1,230.53
4943,17261.0,230.44,98,1,230.44
4944,13960.0,230.22,142,2,115.11
4945,18197.0,230.1,166,1,230.1
4946,14069.0,230.06,59,2,115.03
4947,14314.0,229.8,332,2,114.9
4948,14017.0,229.75,73,1,229.75
4949,12812.0,229.64000000000001,164,1,229.64000000000001
4950,13403.0,229.5,114,3,76.5
4951,14596.0,229.47,79,1,229.47
4952,17185.0,229.46,119,3,76.48666666666666
4953,15528.0,229.33,123,1,229.33
4954,17743.0,229.2,96,1,229.2
4955,17347.0,228.96,216,1,228.96
4956,15273.0,228.96,216,1,228.96
4957,13146.0,228.91,154,1,228.91
4958,17989.0,228.82999999999998,329,1,228.82999999999998
4959,17066.0,228.34,93,1,228.34
4960,16760.0,228.0,168,1,228.0
4961,15566.0,227.87,153,2,113.935
4962,14363.0,227.47000000000003,105,2,113.73500000000001
4963,18021.0,227.06,169,2,113.53
4964,18132.0,226.9,216,1,226.9
4965,13651.0,226.85,62,3,75.61666666666666
4966,16540.0,226.70000000000002,114,1,226.70000000000002
4967,14718.0,226.42,202,1,226.42
4968,16666.0,225.94,367,2,112.97
4969,14357.0,225.77,148,1,225.77
4970,16622.0,225.4,44,1,225.4
4971,16587.0,225.15,71,1,225.15
4972,16346.0,224.51,289,1,224.51
4973,15175.0,224.14,454,1,224.14
4974,12914.0,223.98,336,1,223.98
4975,16753.0,223.92000000000002,189,1,223.92000000000002
4976,14928.0,223.91000000000003,268,1,223.91000000000003
4977,16562.0,223.85999999999999,264,1,223.85999999999999
4978,13926.0,223.85000000000002,104,1,223.85000000000002
4979,18131.0,222.95999999999998,552,1,222.95999999999998
4980,12887.0,222.4,100,1,222.4
4981,15897.0,222.05,261,2,111.025
4982,15788.0,221.82999999999998,115,1,221.82999999999998
4983,14445.0,221.65,83,1,221.65
4984,17087.0,221.53,113,1,221.53
4985,14960.0,221.27,221,2,110.635
4986,13419.0,221.06,275,1,221.06
4987,15790.0,220.85,114,1,220.85
4988,12821.0,220.8,162,2,110.4
4989,16482.0,220.62,346,1,220.62
4990,13033.0,220.55,98,2,110.275
4991,18007.0,220.32,252,1,220.32
4992,18114.0,220.1,55,1,220.1
4993,13454.0,219.87,198,1,219.87
4994,13992.0,219.5,154,3,73.16666666666667
4995,14074.0,219.39999999999998,228,1,219.39999999999998
4996,15096.0,219.39000000000001,120,1,219.39000000000001
4997,12799.0,219.35,137,1,219.35
4998,14271.0,219.13,149,2,109.565
4999,12702.0,219.0,53,1,219.0
5000,15086.0,218.53,95,2,109.265
5001,17619.0,218.52,127,1,218.52
5002,12574.0,218.45,61,1,218.45
5003,17217.0,218.0,95,2,109.0
5004,15591.0,217.9,58,3,72.63333333333334
5005,16874.0,217.74,81,1,217.74
5006,16035.0,217.73,33,1,217.73
5007,15490.0,217.6,85,1,217.6
5008,13271.0,217.38,253,1,217.38
5009,15295.0,217.23999999999998,151,1,217.23999999999998
5010,15554.0,217.2,74,1,217.2
5011,13423.0,217.03,141,1,217.03
5012,15401.0,216.95000000000002,93,2,108.47500000000001
5013,15460.0,216.76,109,1,216.76
5014,17902.0,216.39999999999998,526,1,216.39999999999998
5015,15604.0,216.39,159,1,216.39
5016,13858.0,216.17,75,1,216.17
5017,16179.0,215.83,99,1,215.83
5018,15052.0,215.78,82,1,215.78
5019,14476.0,215.7,132,1,215.7
5020,16189.0,215.48,134,2,107.74
5021,14376.0,215.46,50,1,215.46
5022,18157.0,215.35,146,1,215.35
5023,14635.0,215.22,118,1,215.22
5024,16338.0,214.79999999999998,94,1,214.79999999999998
5025,14106.0,214.79999999999998,24,1,214.79999999999998
5026,14361.0,214.70999999999998,251,1,214.70999999999998
5027,15558.0,214.13,86,1,214.13
5028,14601.0,213.96,168,1,213.96
5029,13621.0,213.85,343,1,213.85
5030,17153.0,213.78,104,1,213.78
5031,13411.0,213.55,72,1,213.55
5032,16591.0,213.5,41,1,213.5
5033,13724.0,213.01,130,1,213.01
5034,13691.0,212.78,145,1,212.78
5035,12961.0,211.99,180,1,211.99
5036,12470.0,211.95,95,1,211.95
5037,14843.0,211.79999999999998,132,1,211.79999999999998
5038,15703.0,211.5,66,1,211.5
5039,12995.0,211.32,108,1,211.32
5040,14992.0,210.5,145,1,210.5
5041,17271.0,210.39,117,1,210.39
5042,13532.0,210.31,129,1,210.31
5043,17484.0,209.57,339,2,104.785
5044,13828.0,209.49,311,1,209.49
5045,13056.0,209.48,158,1,209.48
5046,14003.0,209.41,149,1,209.41
5047,16487.0,209.4,163,2,104.7
5048,15112.0,209.4,72,1,209.4
5049,17026.0,208.98,132,3,69.66
5050,15327.0,208.75,116,1,208.75
5051,13290.0,208.63,1,1,208.63
5052,15741.0,208.62,70,2,104.31
5053,16914.0,208.46,121,1,208.46
5054,16457.0,208.36,140,1,208.36
5055,15212.0,208.28,84,2,104.14
5056,12848.0,208.0,58,1,208.0
5057,16964.0,207.85,49,2,103.925
5058,16866.0,207.73999999999998,60,3,69.24666666666666
5059,13099.0,207.35999999999999,288,1,207.35999999999999
5060,15925.0,207.15,93,1,207.15
5061,15820.0,206.98,128,1,206.98
5062,18126.0,206.82999999999998,144,1,206.82999999999998
5063,17166.0,206.34,78,2,103.17
5064,14964.0,206.21,143,1,206.21
5065,14519.0,206.09,82,2,103.045
5066,15914.0,205.99,149,2,102.995
5067,16090.0,205.91,65,1,205.91
5068,14278.0,205.83,131,1,205.83
5069,17670.0,205.7,110,1,205.7
5070,16490.0,205.41000000000003,113,1,205.41000000000003
5071,14602.0,205.35999999999999,80,1,205.35999999999999
5072,15307.0,205.3,37,1,205.3
5073,15758.0,205.25,47,1,205.25
5074,12400.0,205.25,91,1,205.25
5075,17112.0,205.17,134,1,205.17
5076,15319.0,204.5,175,1,204.5
5077,16901.0,204.26,42,1,204.26
5078,17206.0,204.24,76,1,204.24
5079,14468.0,204.24,164,1,204.24
5080,13017.0,204.0,48,1,204.0
5081,17394.0,203.86999999999998,241,1,203.86999999999998
5082,17891.0,203.85999999999999,393,1,203.85999999999999
5083,15020.0,203.42,112,1,203.42
5084,17074.0,203.05,19,1,203.05
5085,15459.0,202.82999999999998,121,2,101.41499999999999
5086,18169.0,202.65,61,1,202.65
5087,12416.0,202.56,132,1,202.56
5088,14892.0,202.35000000000002,79,1,202.35000000000002
5089,14385.0,202.11,159,3,67.37
5090,16937.0,202.1,126,1,202.1
5091,13284.0,201.19,91,1,201.19
5092,16965.0,201.19,291,1,201.19
5093,18281.0,201.14,146,2,100.57
5094,13556.0,200.82,134,2,100.41
5095,14330.0,200.63,103,1,200.63
5096,17693.0,200.47,231,1,200.47
5097,13133.0,200.45000000000002,55,3,66.81666666666668
5098,13944.0,200.43,153,1,200.43
5099,14782.0,200.10000000000002,114,1,200.10000000000002
5100,15593.0,199.8,60,1,199.8
5101,13322.0,199.48000000000002,117,1,199.48000000000002
5102,14521.0,199.45000000000002,211,1,199.45000000000002
5103,17184.0,198.41000000000003,73,2,99.20500000000001
5104,12581.0,197.71,161,1,197.71
5105,17778.0,197.70000000000002,214,1,197.70000000000002
5106,14185.0,197.65,6,1,197.65
5107,14789.0,197.64,116,1,197.64
5108,12927.0,197.31,145,1,197.31
5109,14830.0,197.13,169,1,197.13
5110,15234.0,197.0,196,1,197.0
5111,13436.0,196.89,76,1,196.89
5112,15746.0,196.88,178,1,196.88
5113,13978.0,196.79000000000002,315,2,98.39500000000001
5114,16112.0,195.73999999999998,574,4,48.934999999999995
5115,13757.0,195.55,54,1,195.55
5116,17010.0,195.36,118,1,195.36
5117,14666.0,195.25,161,1,195.25
5118,15612.0,195.15,52,2,97.575
5119,14405.0,195.0,100,1,195.0
5120,13671.0,194.95,107,1,194.95
5121,14100.0,194.9,64,1,194.9
5122,17468.0,194.8,184,3,64.93333333333334
5123,17065.0,194.7,82,2,97.35
5124,17475.0,194.37,178,1,194.37
5125,16299.0,193.65,107,1,193.65
5126,16695.0,193.15,185,2,96.575
5127,14801.0,193.14,175,1,193.14
5128,13568.0,192.85,70,1,192.85
5129,17257.0,192.73,188,2,96.365
5130,12522.0,192.72,194,2,96.36
5131,14768.0,192.60000000000002,52,2,96.30000000000001
5132,15729.0,192.55,47,3,64.18333333333334
5133,18028.0,192.05,133,1,192.05
5134,15909.0,191.94,98,1,191.94
5135,14279.0,191.86,46,2,95.93
5136,17904.0,191.67,63,1,191.67
5137,15692.0,191.04,138,1,191.04
5138,15954.0,190.75,119,1,190.75
5139,14728.0,190.58,68,1,190.58
5140,15688.0,190.57,95,1,190.57
5141,15412.0,190.53,108,1,190.53
5142,18020.0,190.48000000000002,67,1,190.48000000000002
5143,14617.0,190.47000000000003,81,2,95.23500000000001
5144,13766.0,190.35,137,1,190.35
5145,13972.0,190.25,187,2,95.125
5146,17885.0,190.19,167,1,190.19
5147,18046.0,189.63,44,1,189.63
5148,13826.0,189.5,82,1,189.5
5149,13387.0,189.44,125,1,189.44
5150,18045.0,189.4,142,1,189.4
5151,16673.0,188.83,101,1,188.83
5152,16277.0,188.69,33,1,188.69
5153,14697.0,188.60999999999999,181,2,94.30499999999999
5154,17283.0,188.46,179,1,188.46
5155,16051.0,188.44,80,1,188.44
5156,13063.0,188.4,116,1,188.4
5157,12893.0,188.14,96,1,188.14
5158,17781.0,188.02,34,2,94.01
5159,14131.0,187.87,118,1,187.87
5160,17279.0,187.82999999999998,48,1,187.82999999999998
5161,15072.0,187.51999999999998,164,1,187.51999999999998
5162,13852.0,187.35000000000002,85,1,187.35000000000002
5163,18013.0,187.29,285,2,93.645
5164,16267.0,186.66,198,1,186.66
5165,18063.0,186.60000000000002,48,2,93.30000000000001
5166,17215.0,186.15,104,1,186.15
5167,16388.0,186.05,83,1,186.05
5168,15567.0,186.01,223,1,186.01
5169,12641.0,185.9,72,1,185.9
5170,14812.0,185.8,136,1,185.8
5171,17840.0,185.72,138,1,185.72
5172,17574.0,185.65,77,1,185.65
5173,16559.0,185.20000000000002,73,1,185.20000000000002
5174,14879.0,185.06,104,1,185.06
5175,16097.0,185.04999999999998,87,1,185.04999999999998
5176,14677.0,184.91,139,1,184.91
5177,17803.0,184.66,98,1,184.66
5178,14059.0,183.6,128,1,183.6
5179,17820.0,183.56,112,1,183.56
5180,13460.0,183.44,286,2,91.72
5181,14119.0,183.37,177,2,91.685
5182,14983.0,183.20000000000002,90,1,183.20000000000002
5183,17798.0,183.09,142,1,183.09
5184,16819.0,182.59,253,2,91.295
5185,14941.0,182.1,80,1,182.1
5186,17587.0,181.66,68,1,181.66
5187,12934.0,181.65,31,1,181.65
5188,16822.0,181.39,171,1,181.39
5189,15359.0,181.35,145,8,22.66875
5190,16594.0,181.09,64,1,181.09
5191,15292.0,180.94,56,1,180.94
5192,14858.0,180.75,105,1,180.75
5193,12622.0,180.1,69,1,180.1
5194,18234.0,179.6,80,1,179.6
5195,16640.0,179.4,146,1,179.4
5196,14945.0,179.4,156,1,179.4
5197,18147.0,179.33999999999997,203,2,89.66999999999999
5198,15895.0,179.17,94,1,179.17
5199,14705.0,179.0,100,1,179.0
5200,15209.0,178.98000000000002,94,1,178.98000000000002
5201,15139.0,178.96,208,2,89.48
5202,16691.0,178.83,92,2,89.415
5203,17170.0,178.68,152,2,89.34
5204,17879.0,178.51999999999998,45,1,178.51999999999998
5205,12686.0,178.28,214,1,178.28
5206,17253.0,178.26,43,1,178.26
5207,18282.0,178.05,103,2,89.025
5208,12858.0,177.92,63,1,177.92
5209,16403.0,177.5,114,1,177.5
5210,13618.0,177.34,246,1,177.34
5211,12618.0,177.31,96,1,177.31
5212,13072.0,177.15,69,1,177.15
5213,17036.0,176.9,76,1,176.9
5214,16285.0,176.9,60,1,176.9
5215,13746.0,176.69,83,1,176.69
5216,17947.0,176.68,168,1,176.68
5217,14287.0,176.63,261,3,58.876666666666665
5218,12509.0,176.5,55,1,176.5
5219,18054.0,176.5,96,1,176.5
5220,18175.0,176.1,70,1,176.1
5221,18274.0,175.92,88,1,175.92
5222,13547.0,175.53,82,1,175.53
5223,18166.0,175.5,90,1,175.5
5224,14486.0,175.5,90,2,87.75
5225,13007.0,175.25,59,1,175.25
5226,16144.0,175.2,16,1,175.2
5227,17331.0,175.2,16,1,175.2
5228,17108.0,174.95,31,1,174.95
5229,18010.0,174.8,60,1,174.8
5230,14495.0,174.8,68,3,58.26666666666667
5231,14518.0,174.37,278,1,174.37
5232,13560.0,174.37,64,1,174.37
5233,16731.0,174.05,127,1,174.05
5234,15335.0,173.97,80,1,173.97
5235,15684.0,173.95,77,3,57.98333333333333
5236,14674.0,173.66,103,1,173.66
5237,15565.0,173.16,60,2,86.58
5238,16741.0,173.06,81,1,173.06
5239,16599.0,172.8,159,1,172.8
5240,13195.0,172.38,83,1,172.38
5241,13690.0,172.25,67,1,172.25
5242,12442.0,172.06,182,1,172.06
5243,15515.0,171.81,131,1,171.81
5244,14536.0,171.8,40,1,171.8
5245,17983.0,171.71,108,1,171.71
5246,17575.0,171.7,72,1,171.7
5247,16312.0,171.15,53,1,171.15
5248,15403.0,170.88,492,2,85.44
5249,14811.0,170.5,74,1,170.5
5250,17922.0,170.4,49,1,170.4
5251,15256.0,170.4,92,2,85.2
5252,14860.0,170.32,232,1,170.32
5253,14218.0,169.48000000000002,160,1,169.48000000000002
5254,18004.0,169.47,78,1,169.47
5255,16002.0,169.21,70,1,169.21
5256,15647.0,169.0,124,1,169.0
5257,12367.0,168.9,173,1,168.9
5258,12768.0,168.69000000000003,102,1,168.69000000000003
5259,14578.0,168.63,240,1,168.63
5260,17367.0,168.4,150,1,168.4
5261,18099.0,168.31,149,1,168.31
5262,17737.0,168.24,108,2,84.12
5263,12551.0,168.0,100,1,168.0
5264,18088.0,167.67000000000002,109,1,167.67000000000002
5265,17559.0,167.62,270,1,167.62
5266,18037.0,167.42,37,15,11.161333333333333
5267,17586.0,167.4,68,1,167.4
5268,13609.0,167.35,19,1,167.35
5269,16405.0,167.25,187,2,83.625
5270,15166.0,167.16,140,1,167.16
5271,18107.0,167.13,66,1,167.13
5272,17875.0,167.1,98,1,167.1
5273,15509.0,166.51,72,1,166.51
5274,18014.0,166.42,68,1,166.42
5275,13967.0,166.3,66,2,83.15
5276,17650.0,166.08,150,1,166.08
5277,14485.0,165.75,71,1,165.75
5278,13903.0,165.45000000000002,103,1,165.45000000000002
5279,15316.0,165.0,100,1,165.0
5280,13470.0,165.0,100,2,82.5
5281,16663.0,165.0,100,1,165.0
5282,13191.0,164.69,115,1,164.69
5283,15904.0,164.68,84,1,164.68
5284,17535.0,164.4,136,1,164.4
5285,13603.0,164.34,164,1,164.34
5286,17318.0,164.28,60,1,164.28
5287,17417.0,164.18,76,1,164.18
5288,14516.0,163.92,68,1,163.92
5289,18200.0,163.8,111,1,163.8
5290,16662.0,163.8,36,1,163.8
5291,14955.0,163.77,74,1,163.77
5292,14354.0,163.62,210,2,81.81
5293,15474.0,163.1,56,1,163.1
5294,16517.0,162.7,96,1,162.7
5295,18174.0,162.5,80,2,81.25
5296,12954.0,162.45,83,1,162.45
5297,15733.0,162.3,62,1,162.3
5298,15534.0,162.25,63,1,162.25
5299,16443.0,162.24,96,1,162.24
5300,12661.0,162.0,216,1,162.0
5301,17971.0,161.94,62,1,161.94
5302,17600.0,161.67000000000002,144,1,161.67000000000002
5303,14571.0,161.65,57,1,161.65
5304,15499.0,161.6,60,1,161.6
5305,16113.0,161.38,176,1,161.38
5306,13714.0,161.35,50,1,161.35
5307,14362.0,161.2,100,1,161.2
5308,13779.0,161.13,53,1,161.13
5309,13701.0,161.0,80,1,161.0
5310,14089.0,161.0,134,1,161.0
5311,13229.0,160.95,63,1,160.95
5312,17953.0,160.82,99,1,160.82
5313,17605.0,160.75,71,1,160.75
5314,17202.0,160.65,55,1,160.65
5315,17487.0,160.55,37,1,160.55
5316,15229.0,160.5,114,1,160.5
5317,14814.0,160.46,96,1,160.46
5318,16645.0,160.39,117,1,160.39
5319,18146.0,160.35000000000002,153,2,80.17500000000001
5320,12966.0,160.18,75,1,160.18
5321,13420.0,159.85,101,2,79.925
5322,13302.0,159.2,12,2,79.6
5323,16213.0,159.0,48,1,159.0
5324,18224.0,158.95000000000002,69,1,158.95000000000002
5325,13125.0,158.57,54,1,158.57
5326,15548.0,158.09,64,1,158.09
5327,15348.0,158.04,84,1,158.04
5328,14318.0,158.02,152,1,158.02
5329,17751.0,157.85999999999999,147,1,157.85999999999999
5330,14207.0,157.8,36,1,157.8
5331,14822.0,157.70000000000002,94,1,157.70000000000002
5332,16687.0,157.63,141,1,157.63
5333,12894.0,157.35,33,1,157.35
5334,16371.0,157.2,108,1,157.2
5335,17128.0,157.09,76,1,157.09
5336,17118.0,157.02,154,1,157.02
5337,15007.0,156.91,69,1,156.91
5338,15742.0,156.87,51,1,156.87
5339,13830.0,156.85000000000002,47,1,156.85000000000002
5340,14406.0,156.75,77,1,156.75
5341,16578.0,156.6,108,1,156.6
5342,15438.0,156.57999999999998,59,1,156.57999999999998
5343,15263.0,156.51,89,1,156.51
5344,13051.0,155.8,72,2,77.9
5345,17899.0,155.8,171,1,155.8
5346,17832.0,155.37,208,1,155.37
5347,14368.0,155.0,36,1,155.0
5348,14046.0,154.99,460,1,154.99
5349,17698.0,154.95,93,1,154.95
5350,15740.0,154.88,152,1,154.88
5351,15226.0,154.41,71,1,154.41
5352,13490.0,154.25,25,1,154.25
5353,17517.0,153.94,102,1,153.94
5354,15560.0,153.52,72,2,76.76
5355,15431.0,153.24,84,1,153.24
5356,12602.0,153.12,162,1,153.12
5357,16248.0,152.94,78,1,152.94
5358,16507.0,152.76,116,1,152.76
5359,18138.0,152.65,38,1,152.65
5360,18113.0,152.64000000000001,144,1,152.64000000000001
5361,14066.0,152.55,45,1,152.55
5362,17327.0,152.35,59,2,76.175
5363,13653.0,152.2,72,1,152.2
5364,16617.0,151.85,91,1,151.85
5365,18076.0,151.49,164,1,151.49
5366,13697.0,151.29999999999998,177,1,151.29999999999998
5367,16337.0,151.05,87,1,151.05
5368,14073.0,151.04,130,1,151.04
5369,12959.0,150.95,109,1,150.95
5370,14980.0,150.68,79,1,150.68
5371,15991.0,150.55,41,1,150.55
5372,15775.0,150.5,260,2,75.25
5373,14084.0,150.5,306,1,150.5
5374,14845.0,150.0,600,1,150.0
5375,17234.0,149.89000000000001,55,1,149.89000000000001
5376,13257.0,149.75,33,1,149.75
5377,17946.0,149.57999999999998,75,2,74.78999999999999
5378,18038.0,149.41,85,1,149.41
5379,17390.0,149.3,49,1,149.3
5380,15435.0,149.29,54,1,149.29
5381,13003.0,149.05,103,3,49.68333333333334
5382,17549.0,148.86,210,2,74.43
5383,15526.0,148.44,24,2,74.22
5384,15283.0,148.33,27,3,49.443333333333335
5385,17592.0,148.3,38,1,148.3
5386,13457.0,148.22,96,2,74.11
5387,17859.0,148.21,127,1,148.21
5388,13578.0,147.66,127,1,147.66
5389,15479.0,147.4,38,1,147.4
5390,16724.0,147.35,69,1,147.35
5391,14098.0,147.35,104,1,147.35
5392,17794.0,147.3,46,2,73.65
5393,17030.0,146.87,146,1,146.87
5394,14683.0,146.56,386,1,146.56
5395,15496.0,146.14000000000001,98,1,146.14000000000001
5396,18137.0,145.99,59,2,72.995
5397,12565.0,145.92,80,1,145.92
5398,13866.0,145.67000000000002,57,1,145.67000000000002
5399,15937.0,145.35,73,1,145.35
5400,17199.0,145.12,304,1,145.12
5401,14972.0,145.07,40,2,72.535
5402,16598.0,145.04999999999998,73,1,145.04999999999998
5403,15902.0,145.01,124,1,145.01
5404,16852.0,144.91000000000003,56,2,72.45500000000001
5405,17938.0,144.29,53,1,144.29
5406,14109.0,144.2,88,1,144.2
5407,15816.0,144.14999999999998,54,2,72.07499999999999
5408,17186.0,144.0,200,2,72.0
5409,12587.0,144.0,51,1,144.0
5410,12387.0,143.94,134,1,143.94
5411,14604.0,143.85999999999999,88,1,143.85999999999999
5412,14574.0,143.70000000000002,63,1,143.70000000000002
5413,17149.0,143.10000000000002,18,1,143.10000000000002
5414,15705.0,143.1,62,1,143.1
5415,15761.0,143.05,31,1,143.05
5416,14386.0,142.4,54,1,142.4
5417,14041.0,141.41,94,1,141.41
5418,17273.0,141.12,133,1,141.12
5419,12636.0,141.0,1,1,141.0
5420,17959.0,140.75,49,1,140.75
5421,14773.0,140.55,53,1,140.55
5422,15388.0,140.54,88,1,140.54
5423,15702.0,140.39000000000001,103,2,70.19500000000001
5424,13483.0,140.34,160,1,140.34
5425,15324.0,140.22000000000003,74,1,140.22000000000003
5426,13839.0,139.95000000000002,25,1,139.95000000000002
5427,15848.0,139.94,46,1,139.94
5428,16840.0,139.85,117,2,69.925
5429,16483.0,139.35,44,1,139.35
5430,14772.0,139.26,82,1,139.26
5431,14707.0,139.2,96,2,69.6
5432,18209.0,139.10000000000002,58,1,139.10000000000002
5433,13273.0,138.98,153,1,138.98
5434,12902.0,138.68,66,1,138.68
5435,13716.0,138.28,138,1,138.28
5436,17982.0,138.18,117,1,138.18
5437,15663.0,138.14,106,1,138.14
5438,12512.0,138.03,99,2,69.015
5439,16396.0,137.8,80,1,137.8
5440,13279.0,137.75,73,1,137.75
5441,15836.0,137.37,26,1,137.37
5442,13907.0,136.8,68,1,136.8
5443,16237.0,136.65,57,1,136.65
5444,16289.0,136.31,97,1,136.31
5445,16651.0,136.2,60,1,136.2
5446,17972.0,136.04,37,1,136.04
5447,16876.0,136.01,181,1,136.01
5448,14366.0,136.0,16,1,136.0
5449,16462.0,136.0,16,3,45.333333333333336
5450,17583.0,135.95,55,1,135.95
5451,12968.0,135.95,73,1,135.95
5452,14889.0,135.9,90,1,135.9
5453,15419.0,135.86,230,1,135.86
5454,16114.0,135.75000000000003,43,1,135.75000000000003
5455,14391.0,135.6,168,1,135.6
5456,13076.0,135.4,44,1,135.4
5457,16665.0,135.39999999999998,59,1,135.39999999999998
5458,14588.0,135.39,62,1,135.39
5459,13144.0,135.35,29,2,67.675
5460,13702.0,135.18,74,1,135.18
5461,17960.0,135.08,60,3,45.02666666666667
5462,13364.0,134.95999999999998,71,1,134.95999999999998
5463,13119.0,134.9,110,1,134.9
5464,16055.0,134.8,22,1,134.8
5465,14340.0,134.7,58,1,134.7
5466,17826.0,134.59,85,1,134.59
5467,14174.0,134.46,94,1,134.46
5468,15926.0,134.44,155,1,134.44
5469,16486.0,134.36,24,1,134.36
5470,14280.0,134.04,52,1,134.04
5471,16886.0,134.0,48,1,134.0
5472,14349.0,133.5,86,1,133.5
5473,15056.0,133.45,81,1,133.45
5474,17881.0,133.35000000000002,32,1,133.35000000000002
5475,12467.0,132.8,129,1,132.8
5476,17909.0,132.55,41,1,132.55
5477,12964.0,132.24,56,1,132.24
5478,14444.0,132.04,180,1,132.04
5479,14438.0,131.9,82,1,131.9
5480,17565.0,131.83,67,1,131.83
5481,17297.0,131.78,67,1,131.78
5482,17455.0,131.7,66,1,131.7
5483,13586.0,131.53,39,1,131.53
5484,14795.0,131.45000000000002,17,1,131.45000000000002
5485,14378.0,131.25,57,1,131.25
5486,15409.0,131.25,59,1,131.25
5487,17225.0,131.15,36,1,131.15
5488,16865.0,130.95,157,1,130.95
5489,15844.0,130.73999999999998,134,1,130.73999999999998
5490,17240.0,130.6,108,1,130.6
5491,16410.0,130.32,348,1,130.32
5492,17818.0,130.18,90,1,130.18
5493,16288.0,129.85,19,1,129.85
5494,17762.0,129.75,129,1,129.75
5495,15317.0,129.75,45,1,129.75
5496,14865.0,129.72,300,4,32.43
5497,17847.0,129.69,29,2,64.845
5498,14999.0,129.48000000000002,88,1,129.48000000000002
5499,12555.0,129.23,1,1,129.23
5500,13071.0,129.22,30,1,129.22
5501,17056.0,128.60000000000002,26,1,128.60000000000002
5502,16828.0,128.5,59,2,64.25
5503,17089.0,128.45,35,1,128.45
5504,16251.0,128.31,44,1,128.31
5505,15892.0,128.2,46,1,128.2
5506,13666.0,127.89999999999999,54,5,25.58
5507,16397.0,127.88,50,1,127.88
5508,13053.0,127.65,47,1,127.65
5509,15578.0,127.1,52,1,127.1
5510,16973.0,127.0,60,1,127.0
5511,14751.0,126.45,65,2,63.225
5512,15463.0,126.14,106,1,126.14
5513,16294.0,126.05000000000001,54,1,126.05000000000001
5514,13794.0,126.03,63,1,126.03
5515,17657.0,126.0,60,1,126.0
5516,12814.0,125.92,49,1,125.92
5517,13522.0,125.80000000000001,44,1,125.80000000000001
5518,16925.0,125.65,123,1,125.65
5519,15017.0,125.58,63,1,125.58
5520,15731.0,125.3,122,1,125.3
5521,13912.0,124.95,29,1,124.95
5522,17148.0,124.88,82,1,124.88
5523,14726.0,124.75,91,1,124.75
5524,13312.0,124.75,41,1,124.75
5525,16849.0,124.57,33,1,124.57
5526,17541.0,124.46,46,1,124.46
5527,17316.0,124.45,44,1,124.45
5528,12773.0,124.25,109,1,124.25
5529,18000.0,124.25,109,1,124.25
5530,15779.0,124.08000000000001,20,2,62.040000000000006
5531,13968.0,123.66,174,1,123.66
5532,14187.0,123.5,50,1,123.5
5533,15927.0,123.39,69,1,123.39
5534,16068.0,122.93,52,1,122.93
5535,13876.0,122.7,36,1,122.7
5536,13638.0,122.64,93,1,122.64
5537,14165.0,122.53999999999999,54,1,122.53999999999999
5538,14076.0,122.47,81,1,122.47
5539,12969.0,122.45,55,1,122.45
5540,16073.0,122.39999999999999,48,1,122.39999999999999
5541,13084.0,122.39999999999999,144,1,122.39999999999999
5542,13244.0,121.74000000000001,38,1,121.74000000000001
5543,13182.0,121.18,201,1,121.18
5544,15049.0,121.17000000000002,63,1,121.17000000000002
5545,17260.0,120.95,23,1,120.95
5546,17446.0,120.9,198,2,60.45
5547,14884.0,120.6,72,1,120.6
5548,17543.0,120.05,62,1,120.05
5549,18015.0,120.03,157,1,120.03
5550,14259.0,120.0,68,1,120.0
5551,14453.0,119.93,49,1,119.93
5552,15161.0,119.92,144,1,119.92
5553,17177.0,119.5,40,1,119.5
5554,15843.0,118.95000000000002,27,1,118.95000000000002
5555,17280.0,118.85999999999999,74,1,118.85999999999999
5556,17079.0,118.80000000000001,24,1,118.80000000000001
5557,14155.0,118.75,25,1,118.75
5558,13193.0,117.88,50,1,117.88
5559,12929.0,117.85,37,1,117.85
5560,16291.0,117.72,1,1,117.72
5561,17654.0,117.55,41,1,117.55
5562,16959.0,117.35000000000001,49,1,117.35000000000001
5563,17117.0,116.19999999999999,68,1,116.19999999999999
5564,14874.0,116.18,148,1,116.18
5565,13170.0,116.00999999999999,147,1,116.00999999999999
5566,14143.0,115.8,30,1,115.8
5567,14721.0,115.77,59,1,115.77
5568,13241.0,115.58,48,1,115.58
5569,17208.0,115.35,103,1,115.35
5570,18027.0,115.31,78,1,115.31
5571,18012.0,115.3,63,1,115.3
5572,15352.0,114.95,43,1,114.95
5573,17401.0,114.85,34,1,114.85
5574,17933.0,114.69,63,1,114.69
5575,15905.0,114.69,82,1,114.69
5576,13188.0,114.60000000000001,25,1,114.60000000000001
5577,16247.0,114.56,182,1,114.56
5578,14632.0,114.56,96,1,114.56
5579,17275.0,114.52,72,1,114.52
5580,14974.0,114.39,44,1,114.39
5581,14652.0,114.18,53,1,114.18
5582,12938.0,114.14,140,1,114.14
5583,14582.0,114.11,73,1,114.11
5584,18148.0,114.10000000000001,64,1,114.10000000000001
5585,14457.0,113.64,88,1,113.64
5586,18105.0,113.48000000000002,46,1,113.48000000000002
5587,16821.0,113.35,13,1,113.35
5588,17784.0,112.86,72,1,112.86
5589,14689.0,112.8,76,1,112.8
5590,16697.0,112.75,27,1,112.75
5591,18129.0,112.55000000000001,48,1,112.55000000000001
5592,15899.0,112.5,78,1,112.5
5593,15610.0,112.46000000000001,66,1,112.46000000000001
5594,13620.0,112.34,74,1,112.34
5595,17816.0,112.32,96,6,18.72
5596,17893.0,112.25,161,1,112.25
5597,17900.0,112.19999999999999,73,2,56.099999999999994
5598,12756.0,112.07999999999998,144,1,112.07999999999998
5599,14750.0,112.03,65,1,112.03
5600,15875.0,111.72,76,1,111.72
5601,16547.0,111.71,113,1,111.71
5602,17957.0,111.68,287,1,111.68
5603,14668.0,111.63,49,1,111.63
5604,18124.0,111.53,51,1,111.53
5605,17304.0,111.5,73,1,111.5
5606,17887.0,111.35,30,1,111.35
5607,18120.0,111.15,31,1,111.15
5608,16064.0,111.0,56,1,111.0
5609,14464.0,111.0,62,2,55.5
5610,12692.0,110.95,36,1,110.95
5611,14509.0,110.95,38,1,110.95
5612,15537.0,110.92,29,1,110.92
5613,15853.0,110.8,135,1,110.8
5614,18256.0,110.7,180,1,110.7
5615,14787.0,110.65,59,1,110.65
5616,16963.0,110.55000000000001,35,1,110.55000000000001
5617,14641.0,110.46,90,1,110.46
5618,17836.0,110.21000000000001,88,1,110.21000000000001
5619,16339.0,109.95,23,1,109.95
5620,15851.0,109.73,67,1,109.73
5621,14033.0,109.44,576,1,109.44
5622,16363.0,109.36000000000001,52,1,109.36000000000001
5623,16664.0,109.2,24,1,109.2
5624,14345.0,108.97999999999999,50,1,108.97999999999999
5625,16106.0,108.38,74,1,108.38
5626,14374.0,108.0,20,1,108.0
5627,14661.0,107.95,35,1,107.95
5628,15583.0,107.86,63,1,107.86
5629,13580.0,107.75,45,1,107.75
5630,14943.0,107.62,46,1,107.62
5631,15395.0,107.45,17,1,107.45
5632,16301.0,107.33,41,1,107.33
5633,15328.0,107.24,88,1,107.24
5634,16047.0,107.14,1,1,107.14
5635,15846.0,107.01,79,1,107.01
5636,16630.0,106.80000000000001,72,1,106.80000000000001
5637,16082.0,106.75,39,1,106.75
5638,14637.0,106.67999999999999,100,1,106.67999999999999
5639,15168.0,106.56,52,1,106.56
5640,17791.0,106.1,46,1,106.1
5641,16581.0,105.84,134,1,105.84
5642,18103.0,105.8,23,1,105.8
5643,15642.0,105.78000000000002,270,1,105.78000000000002
5644,14579.0,105.56,56,1,105.56
5645,15340.0,105.5,76,1,105.5
5646,14027.0,104.82,62,1,104.82
5647,17328.0,104.7,86,1,104.7
5648,16375.0,104.0,74,2,52.0
5649,16896.0,103.95,18,1,103.95
5650,14542.0,103.25,19,1,103.25
5651,15924.0,102.82,103,1,102.82
5652,17467.0,102.6,20,1,102.6
5653,14836.0,102.44999999999999,45,3,34.15
5654,15486.0,102.0,40,1,102.0
5655,13829.0,102.0,12,1,102.0
5656,18068.0,101.69999999999999,6,1,101.69999999999999
5657,16516.0,101.69999999999999,58,1,101.69999999999999
5658,16944.0,101.36,27,1,101.36
5659,18086.0,101.34,106,1,101.34
5660,18195.0,101.16,60,1,101.16
5661,13011.0,101.10000000000001,26,1,101.10000000000001
5662,17741.0,101.1,114,2,50.55
5663,16498.0,100.97,45,2,50.485
5664,17493.0,100.91000000000001,62,1,100.91000000000001
5665,14946.0,100.9,22,1,100.9
5666,17224.0,100.86,65,1,100.86
5667,17427.0,100.8,34,1,100.8
5668,14371.0,100.5,34,1,100.5
5669,15635.0,100.35,5,1,100.35
5670,17570.0,100.0,1,1,100.0
5671,17939.0,99.14,40,1,99.14
5672,12774.0,98.7,53,1,98.7
5673,17538.0,98.42,134,1,98.42
5674,16694.0,98.30000000000001,26,1,98.30000000000001
5675,17895.0,98.0,130,1,98.0
5676,18033.0,97.97,253,1,97.97
5677,17395.0,97.5,66,1,97.5
5678,12984.0,97.5,26,1,97.5
5679,14642.0,96.12,76,1,96.12
5680,13793.0,96.0,52,1,96.0
5681,17024.0,95.85,69,3,31.95
5682,18249.0,95.34,128,1,95.34
5683,12548.0,95.19999999999999,49,1,95.19999999999999
5684,15285.0,94.92,120,1,94.92
5685,14833.0,94.8,58,1,94.8
5686,15868.0,94.53,57,1,94.53
5687,15397.0,94.0,20,1,94.0
5688,14394.0,93.8,58,1,93.8
5689,15305.0,93.6,40,1,93.6
5690,15082.0,93.35000000000001,43,1,93.35000000000001
5691,12992.0,93.35000000000001,21,1,93.35000000000001
5692,16196.0,93.3,26,1,93.3
5693,14054.0,92.46,62,1,92.46
5694,13160.0,91.8,56,1,91.8
5695,16831.0,91.8,48,1,91.8
5696,12659.0,91.68,105,1,91.68
5697,13392.0,91.14,82,1,91.14
5698,14786.0,90.96,112,1,90.96
5699,13947.0,90.6,44,1,90.6
5700,14435.0,90.42,282,1,90.42
5701,16506.0,90.30000000000001,42,2,45.150000000000006
5702,16597.0,90.04,184,1,90.04
5703,15686.0,90.0,72,1,90.0
5704,14117.0,90.0,72,1,90.0
5705,16061.0,89.65,19,1,89.65
5706,13535.0,89.5,10,1,89.5
5707,14760.0,89.2,40,1,89.2
5708,13222.0,88.5,30,1,88.5
5709,15603.0,88.48,128,2,44.24
5710,15083.0,88.2,38,1,88.2
5711,16564.0,87.8,40,1,87.8
5712,17606.0,87.30000000000001,42,1,87.30000000000001
5713,17763.0,86.15,41,4,21.5375
5714,13180.0,86.10000000000001,42,1,86.10000000000001
5715,15541.0,85.13000000000001,49,1,85.13000000000001
5716,13841.0,85.0,100,1,85.0
5717,12401.0,84.3,11,1,84.3
5718,15094.0,83.0,28,2,41.5
5719,14347.0,82.6,48,1,82.6
5720,13469.0,82.4,52,1,82.4
5721,16028.0,82.2,18,1,82.2
5722,13215.0,81.6,96,1,81.6
5723,13006.0,81.57,55,1,81.57
5724,17620.0,81.44,60,1,81.44
5725,17008.0,81.36,24,1,81.36
5726,14717.0,81.3,32,1,81.3
5727,15170.0,81.15,33,1,81.15
5728,17336.0,81.12,48,1,81.12
5729,16789.0,80.8,32,1,80.8
5730,17752.0,80.64,192,1,80.64
5731,15833.0,80.4,24,1,80.4
5732,15131.0,80.28,88,1,80.28
5733,14190.0,79.9,2,1,79.9
5734,16165.0,79.9,2,1,79.9
5735,14589.0,79.5,10,1,79.5
5736,14007.0,79.48,16,1,79.48
5737,15753.0,79.2,144,1,79.2
5738,17192.0,77.83,46,1,77.83
5739,12570.0,77.52,1,1,77.52
5740,17942.0,77.50000000000001,38,1,77.50000000000001
5741,14785.0,77.4,84,2,38.7
5742,13132.0,77.3,20,1,77.3
5743,16867.0,76.74000000000001,58,1,76.74000000000001
5744,14373.0,76.55,17,1,76.55
5745,14090.0,76.32000000000001,72,1,76.32000000000001
5746,15668.0,76.32000000000001,72,1,76.32000000000001
5747,14613.0,76.32000000000001,72,1,76.32000000000001
5748,13219.0,76.23,11,1,76.23
5749,17628.0,75.75,79,1,75.75
5750,16610.0,75.66,66,1,75.66
5751,14559.0,75.6,72,1,75.6
5752,17944.0,75.41,85,1,75.41
5753,16420.0,75.0,120,1,75.0
5754,13095.0,74.39999999999999,144,1,74.39999999999999
5755,12506.0,73.5,23,1,73.5
5756,18032.0,73.5,42,1,73.5
5757,16171.0,73.2,24,1,73.2
5758,17906.0,72.9,26,1,72.9
5759,13105.0,72.0,100,1,72.0
5760,16459.0,71.78999999999999,59,1,71.78999999999999
5761,13938.0,71.66,70,1,71.66
5762,13185.0,71.4,12,1,71.4
5763,17747.0,71.4,12,1,71.4
5764,16970.0,71.4,12,1,71.4
5765,14576.0,70.80000000000001,24,1,70.80000000000001
5766,13915.0,70.80000000000001,24,1,70.80000000000001
5767,15564.0,70.74000000000001,42,2,35.370000000000005
5768,12568.0,70.0,48,1,70.0
5769,13172.0,69.6,48,1,69.6
5770,14906.0,68.44,1,1,68.44
5771,12861.0,68.25,27,1,68.25
5772,17249.0,68.03,79,1,68.03
5773,14393.0,67.95,13,1,67.95
5774,17532.0,65.34,30,1,65.34
5775,13022.0,65.3,35,1,65.3
5776,17216.0,65.05,22,1,65.05
5777,13130.0,64.0,32,1,64.0
5778,16238.0,63.66,85,1,63.66
5779,17263.0,63.440000000000005,36,1,63.440000000000005
5780,15470.0,63.419999999999995,232,1,63.419999999999995
5781,12404.0,63.24,1,1,63.24
5782,16058.0,62.7,18,1,62.7
5783,13218.0,62.63999999999999,88,1,62.63999999999999
5784,14650.0,62.5,22,1,62.5
5785,15516.0,62.43,27,3,20.81
5786,13380.0,62.4,48,1,62.4
5787,13303.0,61.72,26,1,61.72
5788,13818.0,61.28,60,1,61.28
5789,15375.0,60.959999999999994,84,1,60.959999999999994
5790,16605.0,60.48,144,1,60.48
5791,15250.0,60.0,48,1,60.0
5792,17174.0,59.9,41,1,59.9
5793,13391.0,59.8,4,1,59.8
5794,13682.0,59.5,10,1,59.5
5795,15233.0,59.400000000000006,12,1,59.400000000000006
5796,15371.0,59.400000000000006,12,1,59.400000000000006
5797,14384.0,58.5,30,1,58.5
5798,12466.0,56.73,1,1,56.73
5799,17775.0,56.4,72,1,56.4
5800,13366.0,56.160000000000004,144,1,56.160000000000004
5801,15685.0,55.980000000000004,36,1,55.980000000000004
5802,12776.0,55.5,46,1,55.5
5803,12860.0,55.47,27,1,55.47
5804,17494.0,54.699999999999996,26,1,54.699999999999996
5805,12496.0,54.09,33,2,27.045
5806,13306.0,53.65,74,1,53.65
5807,16349.0,53.5,9,1,53.5
5808,17599.0,52.05,11,1,52.05
5809,15313.0,52.0,25,1,52.0
5810,16786.0,51.839999999999996,72,1,51.839999999999996
5811,17844.0,51.559999999999995,52,1,51.559999999999995
5812,13254.0,51.410000000000004,43,1,51.410000000000004
5813,14351.0,51.0,12,1,51.0
5814,14743.0,50.48,40,1,50.48
5815,18184.0,49.8,60,1,49.8
5816,14380.0,48.96,1,1,48.96
5817,16530.0,48.349999999999994,17,1,48.349999999999994
5818,16257.0,46.95,2,1,46.95
5819,13438.0,46.5,10,1,46.5
5820,15698.0,46.2,60,1,46.2
5821,15672.0,45.300000000000004,10,1,45.300000000000004
5822,17916.0,43.87,90,2,21.935
5823,14300.0,43.2,32,1,43.2
5824,13913.0,42.22,10,1,42.22
5825,13906.0,42.0,100,1,42.0
5826,16219.0,40.8,48,1,40.8
5827,14266.0,40.56,24,1,40.56
5828,15178.0,40.5,30,1,40.5
5829,14086.0,39.95,1,1,39.95
5830,16659.0,39.12,72,1,39.12
5831,17246.0,38.92,36,2,19.46
5832,18019.0,38.45,7,1,38.45
5833,15455.0,38.25,3,1,38.25
5834,15693.0,37.5,30,1,37.5
5835,16162.0,37.4,4,1,37.4
5836,17352.0,36.25,15,1,36.25
5837,14993.0,36.13,21,1,36.13
5838,15940.0,35.8,4,1,35.8
5839,16417.0,35.7,6,1,35.7
5840,17831.0,35.400000000000006,12,1,35.400000000000006
5841,17533.0,34.8,24,1,34.8
5842,15744.0,34.8,120,1,34.8
5843,15871.0,33.099999999999994,5,1,33.099999999999994
5844,16941.0,33.0,12,1,33.0
5845,14977.0,31.929999999999996,17,1,31.929999999999996
5846,17129.0,31.85,5,1,31.85
5847,16454.0,30.950000000000003,9,4,7.737500000000001
5848,14144.0,30.599999999999998,12,1,30.599999999999998
5849,13120.0,30.599999999999998,12,1,30.599999999999998
5850,16548.0,30.15,6,1,30.15
5851,15575.0,30.1,6,1,30.1
5852,15657.0,30.0,24,1,30.0
5853,17319.0,29.1,14,1,29.1
5854,17102.0,25.5,2,1,25.5
5855,15284.0,24.75,5,1,24.75
5856,14610.0,24.35,15,2,12.175
5857,16537.0,23.35,59,1,23.35
5858,12606.0,21.0,1,1,21.0
5859,16953.0,20.8,10,1,20.8
5860,17986.0,20.8,10,1,20.8
5861,13112.0,20.6,11,1,20.6
5862,15999.0,20.4,24,1,20.4
5863,13163.0,17.65,3,1,17.65
5864,16093.0,17.0,20,1,17.0
5865,12846.0,15.58,1,1,15.58
5866,14580.0,14.850000000000001,3,1,14.850000000000001
5867,14900.0,13.919999999999998,48,1,13.919999999999998
5868,16878.0,13.3,12,1,13.3
5869,17956.0,12.75,1,1,12.75
5870,17378.0,10.95,1,1,10.95
5871,18115.0,9.700000000000001,3,1,9.700000000000001
5872,15040.0,7.49,1,1,7.49
5873,15913.0,6.300000000000001,3,1,6.300000000000001
5874,14792.0,6.2,2,1,6.2
5875,13788.0,3.75,1,1,3.75
5876,16738.0,3.75,3,1,3.75
5877,14095.0,2.95,1,1,2.95
5878,14103.0,0.0,5,1,0.0
5879,13256.0,0.0,12540,1,0.0
5880,14827.0,0.0,5,1,0.0
